1/5/2014,A,B,C
1/6/2014,0,0,0
1/7/2014,0,0,0
1/8/2014,0,0,0
1/9/2014,0,0,0
1/10/2014,0,0,0
1/11/2014,0,0,0
1/12/2014,0,0,0
1/13/2014,0,0,0
1/14/2014,0,0,0
1/15/2014,0,0,0
1/16/2014,0,0,0
1/17/2014,0,0,0
1/18/2014,0,0,0
1/19/2014,0,0,0
1/20/2014,0,0,0
1/21/2014,0,0,0
1/22/2014,0,0,0
1/23/2014,0,0,0
1/24/2014,0,0,0
1/25/2014,0,0,0
1/26/2014,0,0,0
1/27/2014,0,0,0
1/28/2014,0,0,0
1/29/2014,0,0,0
1/30/2014,0,0,0
1/31/2014,0,0,0
2/1/2014,0,0,0
2/2/2014,0,0,0
2/3/2014,0,0,0
2/4/2014,0,0,0
2/5/2014,0,0,32.97748175
2/6/2014,0,0,56.52684552
2/7/2014,0,0,56.42174401
2/8/2014,0,0,56.4697762
2/9/2014,0,0,56.53050674
2/10/2014,0,0,56.27551559
2/11/2014,0,0,55.99140194
2/12/2014,0,0,55.89062929
2/13/2014,0,0,56.03097972
2/14/2014,0,0,55.72645985
2/15/2014,0,0,55.30227149
2/16/2014,0,0,47.55310005
2/17/2014,0,0,55.0965198
2/18/2014,0,0,43.61652138
2/19/2014,0,0,0
2/20/2014,0,0,0
2/21/2014,0,0,0
2/22/2014,0,0,0
2/23/2014,0,0,0
2/24/2014,0,0,0
2/25/2014,0,0,0
2/26/2014,0,0,0
2/27/2014,0,0,0
2/28/2014,0,0,0
3/1/2014,0,0,0
3/2/2014,0,0,0
3/3/2014,0,0,0
3/4/2014,0,0,0
3/5/2014,0,0,0
3/6/2014,0,0,0
3/7/2014,0,0,0
3/8/2014,0,0,0
3/9/2014,0,0,0
3/10/2014,0,0,0
3/11/2014,0,0,0
3/12/2014,0,0,0
3/13/2014,0,0,0
3/14/2014,0,0,0
3/15/2014,0,0,0
3/16/2014,0,0,0
3/17/2014,0,0,0
3/18/2014,0,0,0
3/19/2014,0,0,0
3/20/2014,0,0,0
3/21/2014,0,0,0
3/22/2014,0,0,0
3/23/2014,0,0,0
3/24/2014,0,0,0
3/25/2014,0,0,0
3/26/2014,0,0,0
3/27/2014,0,0,0
3/28/2014,0,0,0
3/29/2014,0,0,0
3/30/2014,0,0,0
3/31/2014,0,0,0
4/1/2014,0,0,0
4/2/2014,0,0,0
4/3/2014,0,0,0
4/4/2014,0,0,31.28966259
4/5/2014,0,0,53.11738398
4/6/2014,0,0,53.68024482
4/7/2014,0,0,22.32844544
4/8/2014,0,0,0
4/9/2014,0,0,30.31617035
4/10/2014,0,0,26.97870804
4/11/2014,0,0,30.7217692
4/12/2014,0,0,54.87651154
4/13/2014,0,0,17.02584617
4/14/2014,0,0,0
4/15/2014,0,0,0
4/16/2014,0,0,0
4/17/2014,0,0,0
4/18/2014,0,0,0
4/19/2014,0,0,18.78962337
4/20/2014,0,0,55.62458656
4/21/2014,0,0,48.31934823
4/22/2014,0,0,56.05805375
4/23/2014,0,0,56.5238901
4/24/2014,0,0,56.51055385
4/25/2014,0,0,55.82271153
4/26/2014,0,0,55.57148652
4/27/2014,0,0,55.85470324
4/28/2014,0,0,55.87999028
4/29/2014,0,0,55.90449814
4/30/2014,0,0,36.13857857
5/1/2014,0,0,0
5/2/2014,0,0,0
5/3/2014,0,0,0
5/4/2014,0,0,0
5/5/2014,0,0,0
5/6/2014,0,0,0
5/7/2014,0,0,0
5/8/2014,0,0,0
5/9/2014,0,0,0
5/10/2014,0,0,0
5/11/2014,0,0,0
5/12/2014,0,0,0
5/13/2014,0,0,0
5/14/2014,0,0,0
5/15/2014,0,0,0
5/16/2014,0,0,0
5/17/2014,0,0,0
5/18/2014,0,0,0
5/19/2014,0,0,0
5/20/2014,0,0,0
5/21/2014,0,0,0
5/22/2014,0,0,0
5/23/2014,0,0,0
5/24/2014,0,0,0
5/25/2014,0,0,0
5/26/2014,0,0,0
5/27/2014,0,0,0
5/28/2014,0,0,0
5/29/2014,0,0,0
5/30/2014,0,0,0
5/31/2014,0,0,0
6/1/2014,0,0,0
6/2/2014,0,0,0
6/3/2014,0,0,0
6/4/2014,0,0,0
6/5/2014,0,0,0
6/6/2014,0,0,0
6/7/2014,0,0,0
6/8/2014,0,0,0
6/9/2014,0,0,0
6/10/2014,0,0,0
6/11/2014,0,0,0
6/12/2014,0,0,0
6/13/2014,0,0,0
6/14/2014,0,0,0
6/15/2014,0,0,0
6/16/2014,0,0,0
6/17/2014,0,0,0
6/18/2014,0,0,0
6/19/2014,0,0,0
6/20/2014,0,0,0
6/21/2014,0,0,0
6/22/2014,0,0,0
6/23/2014,0,0,0
6/24/2014,0,0,0
6/25/2014,0,0,0
6/26/2014,0,0,0
6/27/2014,0,0,0
6/28/2014,0,0,0
6/29/2014,0,0,0
6/30/2014,0,0,0
7/1/2014,0,0,0
7/2/2014,0,0,0
7/3/2014,0,0,0
7/4/2014,0,0,28.24080478
7/5/2014,0,0,5.836725369
7/6/2014,0,0,0
7/7/2014,0,0,0
7/8/2014,0,0,0
7/9/2014,0,0,0
7/10/2014,0,0,0
7/11/2014,0,0,0
7/12/2014,0,0,0
7/13/2014,0,0,0
7/14/2014,0,0,0
7/15/2014,0,0,0
7/16/2014,0,0,0
7/17/2014,0,0,0
7/18/2014,0,0,0
7/19/2014,0,0,0
7/20/2014,0,0,0
7/21/2014,0,0,0
7/22/2014,0,0,0
7/23/2014,0,0,0
7/24/2014,0,0,0
7/25/2014,0,0,0
7/26/2014,0,0,0
7/27/2014,0,0,0
7/28/2014,0,0,0
7/29/2014,0,0,0
7/30/2014,0,0,0
7/31/2014,0,0,0
8/1/2014,0,0,0
8/2/2014,0,0,0
8/3/2014,0,0,0
8/4/2014,0,0,0
8/5/2014,0,0,0
8/6/2014,0,0,0
8/7/2014,0,0,0
8/8/2014,0,0,0
8/9/2014,0,0,0
8/10/2014,0,0,0
8/11/2014,0,0,0
8/12/2014,0,0,0
8/13/2014,0,0,0
8/14/2014,0,0,0
8/15/2014,0,0,0
8/16/2014,0,0,0
8/17/2014,0,0,0
8/18/2014,0,0,0
8/19/2014,0,0,0
8/20/2014,0,0,0
8/21/2014,0,0,0
8/22/2014,0,0,0
8/23/2014,0,0,0
8/24/2014,0,0,0
8/25/2014,0,0,0
8/26/2014,0,0,0
8/27/2014,0,0,0
8/28/2014,0,0,0
8/29/2014,0,0,0
8/30/2014,0,0,0
8/31/2014,0,0,0
9/1/2014,0,0,0
9/2/2014,0,0,0
9/3/2014,0,0,0
9/4/2014,0,0,0
9/5/2014,0,0,0
9/6/2014,0,0,0
9/7/2014,0,0,0
9/8/2014,0,0,0
9/9/2014,0,0,65.39408238
9/10/2014,0,0,69.22955395
9/11/2014,0,0,67.99477358
9/12/2014,0,0,68.49342518
9/13/2014,0,0,52.28810112
9/14/2014,0,0,5.826485856
9/15/2014,0,0,71.19583519
9/16/2014,0,0,72.3928832
9/17/2014,0,0,73.12970697
9/18/2014,0,0,73.83025648
9/19/2014,0,0,75.854551
9/20/2014,0,0,76.59639325
9/21/2014,0,0,77.6249548
9/22/2014,0,0,76.99050473
9/23/2014,0,0,78.36218937
9/24/2014,0,0,80.07048721
9/25/2014,0,0,80.7535652
9/26/2014,0,0,81.25104311
9/27/2014,0,0,82.31940991
9/28/2014,0,0,82.4770544
9/29/2014,0,0,82.92308428
9/30/2014,0,0,83.944632
10/1/2014,0,0,84.32088019
10/2/2014,0,0,85.38005482
10/3/2014,0,0,86.5965394
10/4/2014,0,0,86.04818114
10/5/2014,0,0,87.27060479
10/6/2014,0,0,87.79561913
10/7/2014,0,0,88.767784
10/8/2014,0,0,90.32799987
10/9/2014,0,0,90.0333761
10/10/2014,0,0,90.90910929
10/11/2014,0,0,92.24384064
10/12/2014,0,0,91.86509905
10/13/2014,0,0,92.7148677
10/14/2014,0,0,94.48157541
10/15/2014,0,0,95.35259075
10/16/2014,0,0,96.61293091
10/17/2014,0,0,97.20804466
10/18/2014,0,0,99.15041578
10/19/2014,0,0,98.53543764
10/20/2014,0,0,99.18137109
10/21/2014,0,0,99.90626493
10/22/2014,0,0,99.26376239
10/23/2014,0,0,100.0901256
10/24/2014,0,0,100.9544562
10/25/2014,0,0,101.4020244
10/26/2014,0,0,101.8703092
10/27/2014,0,0,103.3486684
10/28/2014,0,0,103.9919237
10/29/2014,0,0,103.3545981
10/30/2014,0,0,103.0077217
10/31/2014,0,0,102.0326764
11/1/2014,0,0,101.7519672
11/2/2014,0,0,101.1138283
11/3/2014,0,0,101.3351619
11/4/2014,0,0,101.9068398
11/5/2014,0,0,100.9717271
11/6/2014,0,0,101.1978085
11/7/2014,0,0,101.1454201
11/8/2014,0,0,101.6848729
11/9/2014,0,0,101.3631748
11/10/2014,0,0,101.2204245
11/11/2014,0,0,101.8865851
11/12/2014,0,0,101.108151
11/13/2014,0,0,101.210228
11/14/2014,0,0,100.477034
11/15/2014,0,0,100.0668729
11/16/2014,0,0,86.56160859
11/17/2014,57.74529698,0,98.75107879
11/18/2014,197.3525662,0,99.07987986
11/19/2014,167.4049688,0,98.80630608
11/20/2014,207.7822151,0,98.89328912
11/21/2014,217.3923229,0,99.87970217
11/22/2014,179.5661213,0,99.70706733
11/23/2014,107.5583119,0,99.25747693
11/24/2014,54.03715503,0,99.07254021
11/25/2014,168.5505977,0,99.24187847
11/26/2014,315.2120576,37.1287,99.66249202
11/27/2014,320.3322246,33.3529,99.9292299
11/28/2014,191.1152018,0,100.7934974
11/29/2014,203.4184254,0,100.3536791
11/30/2014,151.131825,0,101.7625692
12/1/2014,149.1251498,0,102.9259263
12/2/2014,212.7743175,24.5427,102.8528124
12/3/2014,277.7256952,59.1542,103.5176461
12/4/2014,291.9069238,59.7835,103.3053871
12/5/2014,365.0878503,45.9389,102.7129279
12/6/2014,404.0956541,40.9045,101.2941037
12/7/2014,435.0127159,77.4039,94.81827438
12/8/2014,612.0010412,111.3861,100.3897559
12/9/2014,518.9048488,96.9122,101.2691244
12/10/2014,275.7340498,49.7147,101.5081961
12/11/2014,278.9377828,25.172,101.6421964
12/12/2014,191.9920332,0,101.4665249
12/13/2014,204.6477532,0,102.1839187
12/14/2014,210.0284381,0,102.7580545
12/15/2014,209.8224042,3.1465,103.5551146
12/16/2014,259.0455113,28.9478,104.1715576
12/17/2014,400.3021133,106.3517,104.8397181
12/18/2014,399.739716,123.9721,105.255177
12/19/2014,394.6205539,125.2307,105.8264387
12/20/2014,504.7526922,101.9466,106.6268309
12/21/2014,576.4022334,113.9033,107.7053936
12/22/2014,588.5903837,114.5326,107.6202524
12/23/2014,577.3799794,112.6447,106.840602
12/24/2014,557.8014701,109.4982,110.4560358
12/25/2014,552.2826551,110.1275,110.5650387
12/26/2014,560.6563453,112.6447,106.1702446
12/27/2014,557.4375305,112.0154,107.7696584
12/28/2014,539.6439157,108.2396,105.3285362
12/29/2014,599.7906439,113.274,107.1334754
12/30/2014,474.296939,95.0243,107.7739947
12/31/2014,569.0779473,114.5326,107.0254248
1/1/2015,509.2394265,101.9466,109.3024118
1/2/2015,564.3474383,112.0154,110.7151468
1/3/2015,579.3122972,113.274,110.7324267
1/4/2015,571.9268194,112.0154,112.303546
1/5/2015,605.8162166,122.7135,112.3739521
1/6/2015,608.3231977,123.3428,112.892015
1/7/2015,615.4933161,123.9721,112.4918212
1/8/2015,590.9586299,117.6791,112.3157687
1/9/2015,611.2682578,122.0842,112.0689747
1/10/2015,452.3997803,71.1109,111.8097871
1/11/2015,527.3699394,101.9466,111.6234783
1/12/2015,599.1995644,110.1275,110.005547
1/13/2015,611.2726763,121.4549,109.2400879
1/14/2015,596.5927651,120.8256,109.5125649
1/15/2015,635.2607656,126.4893,107.1716059
1/16/2015,585.6750829,117.0498,106.2310992
1/17/2015,609.9046921,122.0842,106.6280471
1/18/2015,276.927596,28.9478,106.8960022
1/19/2015,529.6932406,102.5759,108.0832878
1/20/2015,589.9127582,117.0498,109.0592336
1/21/2015,491.8007757,96.9122,110.0559013
1/22/2015,536.7732912,106.3517,110.2541856
1/23/2015,527.2527622,104.4638,111.1322893
1/24/2015,586.4543121,118.3084,111.4708202
1/25/2015,571.795609,115.1619,111.0334617
1/26/2015,451.8044106,81.1797,108.9400492
1/27/2015,428.2813057,80.5504,108.3313136
1/28/2015,388.0297868,75.516,108.5493388
1/29/2015,375.6493141,72.3695,108.9337162
1/30/2015,547.7269053,107.6103,107.9127167
1/31/2015,382.6522373,71.1109,108.7980798
2/1/2015,387.2931072,76.1453,108.2163234
2/2/2015,412.8853618,81.809,108.3600527
2/3/2015,353.6747686,67.9644,108.6392652
2/4/2015,332.7238307,64.8179,109.5897666
2/5/2015,436.1150835,85.5848,109.2705099
2/6/2015,438.8193959,85.5848,110.0989125
2/7/2015,435.044871,82.4383,102.8926596
2/8/2015,418.2512069,81.1797,109.0757726
2/9/2015,315.3907969,59.1542,96.30281301
2/10/2015,389.5289882,73.6281,110.4021478
2/11/2015,406.2101607,77.4039,109.0186968
2/12/2015,392.1085081,76.1453,109.0437455
2/13/2015,406.2021256,78.0332,109.0389921
2/14/2015,489.8393565,94.395,109.2997845
2/15/2015,498.045652,95.0243,109.4794069
2/16/2015,485.8750856,93.7657,109.7505194
2/17/2015,488.6602651,93.7657,110.4007562
2/18/2015,500.0479891,83.0676,110.2857165
2/19/2015,431.5016404,83.6969,111.0321918
2/20/2015,443.6367983,85.5848,111.6991285
2/21/2015,429.4541594,83.6969,111.6935141
2/22/2015,302.8806368,56.637,110.919611
2/23/2015,437.4077921,84.9555,111.4942893
2/24/2015,431.3348331,83.0676,112.1585283
2/25/2015,356.5812906,67.9644,112.4500055
2/26/2015,431.638356,84.9555,111.0315537
2/27/2015,424.5742665,83.6969,109.3248046
2/28/2015,420.0601364,81.1797,110.0382784
3/1/2015,425.7334036,80.5504,110.9653401
3/2/2015,346.9069207,67.3351,111.5480542
3/3/2015,399.7166756,77.4039,112.5884067
3/4/2015,479.9502795,91.8778,112.9835314
3/5/2015,489.5893345,96.2829,112.7224539
3/6/2015,497.7824165,86.8434,112.800829
3/7/2015,474.2076402,94.395,113.3528022
3/8/2015,460.4888751,86.8434,113.7548499
3/9/2015,470.1656677,93.1364,114.6340521
3/10/2015,479.9948909,94.395,115.4832061
3/11/2015,392.1833676,76.7746,116.5422003
3/12/2015,364.6375796,63.5593,117.3201256
3/13/2015,434.8158104,86.8434,117.352629
3/14/2015,332.8917059,64.8179,117.5230443
3/15/2015,327.9572956,66.0765,116.990248
3/16/2015,305.0254498,60.4128,116.874773
3/17/2015,363.2880646,71.7402,116.8100255
3/18/2015,394.6032949,78.0332,117.7686182
3/19/2015,378.3258672,74.2574,118.5656675
3/20/2015,455.9132041,89.9899,118.6494122
3/21/2015,382.5591425,76.1453,119.428053
3/22/2015,333.2900221,66.0765,119.7726785
3/23/2015,369.8218378,72.3695,120.1385671
3/24/2015,362.664343,71.1109,120.0223153
3/25/2015,360.1042177,47.8268,120.7365047
3/26/2015,346.0175723,69.223,120.1267039
3/27/2015,219.6134111,43.4217,118.0114297
3/28/2015,321.1643301,61.0421,119.9584075
3/29/2015,326.7845926,66.0765,121.780106
3/30/2015,342.0575914,69.223,121.102706
3/31/2015,338.1966333,69.223,120.5987544
4/1/2015,330.6604322,66.0765,120.3534137
4/2/2015,322.260686,65.4472,117.7063842
4/3/2015,285.6559477,57.2663,120.6466966
4/4/2015,316.5256751,57.2663,120.6664178
4/5/2015,327.7477588,64.1886,122.164597
4/6/2015,359.9808338,71.1109,121.9173392
4/7/2015,405.5590936,80.5504,122.1534935
4/8/2015,392.7703216,77.4039,123.9100443
4/9/2015,372.1106901,74.2574,124.0108398
4/10/2015,370.4541317,74.2574,124.3570267
4/11/2015,386.4901844,76.1453,125.6796708
4/12/2015,409.4105555,81.809,125.2891552
4/13/2015,414.3142485,83.0676,124.5809763
4/14/2015,362.074715,72.3695,124.5902535
4/15/2015,407.3219095,81.1797,124.1327676
4/16/2015,265.4452587,52.8612,124.2076256
4/17/2015,245.8803115,49.0854,123.5074958
4/18/2015,131.3186376,23.2841,122.8553927
4/19/2015,0,0,122.111455
4/20/2015,72.53405785,5.6637,118.375518
4/21/2015,519.7415539,100.0587,118.6895519
4/22/2015,694.9280292,132.153,119.2784391
4/23/2015,718.4475933,132.7823,117.9340066
4/24/2015,712.5218306,133.4116,119.1817481
4/25/2015,619.7770003,113.9033,119.4036004
4/26/2015,642.6676184,129.0065,119.8581869
4/27/2015,646.1529907,129.0065,120.0720238
4/28/2015,649.9849647,128.3772,121.3103048
4/29/2015,649.7780675,130.2651,119.730813
4/30/2015,668.3658165,127.7479,120.1084657
5/1/2015,687.3034983,124.6014,119.8548573
5/2/2015,684.228705,110.1275,120.8775317
5/3/2015,662.3206347,120.1963,121.7343905
5/4/2015,464.3950596,84.9555,112.2059669
5/5/2015,464.3950596,84.9555,123.9082069
5/6/2015,551.5824423,103.2052,125.1079742
5/7/2015,569.8575657,110.7568,125.5990859
5/8/2015,537.6780979,110.7568,125.940605
5/9/2015,540.8916717,110.7568,125.8760096
5/10/2015,542.0790413,107.6103,124.9890069
5/11/2015,562.2568572,110.7568,123.4293668
5/12/2015,559.6087677,111.3861,122.0312425
5/13/2015,567.2220436,115.1619,120.7590226
5/14/2015,559.6586849,112.6447,119.902611
5/15/2015,573.7380151,113.9033,120.4719588
5/16/2015,563.5886546,110.7568,121.3707416
5/17/2015,576.8618479,113.274,121.336961
5/18/2015,593.7236747,113.274,121.4155044
5/19/2015,441.1299115,84.9555,122.7519787
5/20/2015,343.7318525,65.4472,122.2643314
5/21/2015,566.1641744,110.7568,121.4552849
5/22/2015,571.7267453,102.5759,123.4108836
5/23/2015,564.5516568,103.2052,120.8921933
5/24/2015,499.5333069,92.5071,122.9974961
5/25/2015,392.5307822,76.7746,123.4487541
5/26/2015,0,0,123.2016364
5/27/2015,314.7129017,59.1542,120.9737168
5/28/2015,559.564524,111.3861,121.5453279
5/29/2015,565.9840128,112.0154,122.4597918
5/30/2015,549.3636184,111.3861,121.5979428
5/31/2015,558.2176223,103.2052,121.0581273
6/1/2015,542.86,108.8689,120.28655
6/2/2015,525.5147782,106.3517,120.3015144
6/3/2015,542.8586053,109.4982,117.5306095
6/4/2015,528.4328995,108.8689,119.4332108
6/5/2015,527.8012056,108.2396,119.3549595
6/6/2015,525.121116,105.7224,118.3556356
6/7/2015,517.6354784,100.688,117.2151657
6/8/2015,516.8395514,103.2052,116.523637
6/9/2015,503.596201,101.3173,116.9415294
6/10/2015,507.0564707,101.9466,116.8147133
6/11/2015,508.0868912,100.688,114.3520543
6/12/2015,472.129611,95.0243,115.8280386
6/13/2015,451.6101997,88.7313,115.174219
6/14/2015,471.5331312,91.8778,115.6070423
6/15/2015,403.2976034,78.6625,115.1875438
6/16/2015,450.5537217,88.7313,86.47673693
6/17/2015,438.851168,86.2141,115.8585852
6/18/2015,323.424347,62.93,117.1243846
6/19/2015,403.6958872,79.9211,114.6888666
6/20/2015,430.9261059,85.5848,114.0839695
6/21/2015,425.0009111,83.6969,110.8060014
6/22/2015,438.2874544,87.4727,115.0328614
6/23/2015,447.9642535,83.0676,111.5439639
6/24/2015,448.2268721,89.9899,111.7657961
6/25/2015,509.5220507,105.0931,103.7300852
6/26/2015,526.6827683,105.0931,114.4635575
6/27/2015,547.4215121,99.4294,110.8522242
6/28/2015,560.1670791,108.8689,112.9744501
6/29/2015,443.8256275,84.9555,109.4934664
6/30/2015,479.2147477,96.2829,110.5850407
7/1/2015,492.1245287,97.5415,84.80438807
7/2/2015,498.4447592,97.5415,112.226218
7/3/2015,500.4650992,74.2574,112.2723752
7/4/2015,404.1226915,44.051,113.8943072
7/5/2015,465.5827198,93.1364,116.968748
7/6/2015,403.5802599,66.0765,116.0772968
7/7/2015,457.2222514,91.2485,118.4184231
7/8/2015,454.3880926,90.6192,108.5241893
7/9/2015,448.9747056,89.3606,117.877672
7/10/2015,454.9860863,90.6192,117.3768827
7/11/2015,431.5156501,86.2141,112.4188711
7/12/2015,403.745459,79.9211,114.8357619
7/13/2015,389.1034817,78.0332,113.7711022
7/14/2015,406.8311708,80.5504,115.9743852
7/15/2015,424.1191185,84.3262,115.6721952
7/16/2015,480.0398223,93.1364,115.9970713
7/17/2015,469.1522066,79.2918,114.8822447
7/18/2015,469.0398128,91.8778,113.6863201
7/19/2015,481.9392852,94.395,113.3272665
7/20/2015,478.6821878,94.395,115.3358236
7/21/2015,428.3310948,85.5848,115.3237225
7/22/2015,375.0019245,70.4816,114.8548901
7/23/2015,468.654417,94.395,113.8444153
7/24/2015,472.895056,94.395,113.0450057
7/25/2015,482.95256,86.2141,111.4001441
7/26/2015,478.3042757,94.395,108.4803215
7/27/2015,475.2972985,93.7657,110.535508
7/28/2015,447.9620463,60.4128,109.5597521
7/29/2015,417.0883652,83.6969,108.9325421
7/30/2015,411.6894041,84.3262,104.5832333
7/31/2015,415.1592662,85.5848,110.9606982
8/1/2015,415.429523,84.3262,110.1765754
8/2/2015,409.3165317,82.4383,106.1870411
8/3/2015,413.6981059,83.0676,110.1785434
8/4/2015,327.1399218,33.3529,110.8242851
8/5/2015,222.7960119,0,111.2121311
8/6/2015,218.2725989,0,111.3910797
8/7/2015,207.3537813,0,111.4924768
8/8/2015,252.9030628,23.9134,108.9864717
8/9/2015,468.3764058,96.2829,112.3282511
8/10/2015,449.0346063,93.7657,112.785897
8/11/2015,497.2210301,103.2052,112.8999308
8/12/2015,487.603938,104.4638,38.64311075
8/13/2015,489.2109276,101.3173,0
8/14/2015,246.3023168,42.1631,0
8/15/2015,447.2464537,96.2829,0
8/16/2015,388.9180944,76.7746,0
8/17/2015,266.6945199,51.6026,0
8/18/2015,452.0261389,90.6192,0
8/19/2015,472.7080029,97.5415,59.72879971
8/20/2015,458.2774411,93.7657,104.4598802
8/21/2015,471.0044719,96.9122,66.1506477
8/22/2015,468.3406007,96.2829,79.51791456
8/23/2015,405.8190482,85.5848,111.7389442
8/24/2015,457.986944,103.8345,113.9010657
8/25/2015,474.2562949,110.1275,116.6115797
8/26/2015,423.0447415,83.0676,114.2040395
8/27/2015,449.9424631,103.8345,109.5982296
8/28/2015,456.9469264,96.9122,114.0380655
8/29/2015,458.1983119,105.0931,116.4790913
8/30/2015,450.0894217,103.2052,115.0708544
8/31/2015,450.098704,104.4638,113.0008379
9/1/2015,449.3136362,103.8345,113.4065154
9/2/2015,443.8566612,101.9466,113.6154361
9/3/2015,408.2424841,91.2485,114.4637226
9/4/2015,431.1739058,86.8434,113.5848832
9/5/2015,463.1696373,88.7313,113.7549913
9/6/2015,461.6468115,85.5848,113.864964
9/7/2015,491.9353707,83.6969,113.6081816
9/8/2015,500.2374721,81.809,113.2768601
9/9/2015,458.0858637,74.8867,112.1404993
9/10/2015,491.3618171,89.9899,112.2851116
9/11/2015,498.2077044,91.2485,112.3440864
9/12/2015,667.3011577,119.567,112.5971235
9/13/2015,537.2948195,95.6536,112.2386097
9/14/2015,319.6364498,56.0077,115.0754284
9/15/2015,462.842715,81.1797,115.8238231
9/16/2015,487.4684436,84.9555,114.0754406
9/17/2015,467.0331276,69.8523,113.3160152
9/18/2015,452.3984873,79.9211,114.1150561
9/19/2015,432.4237499,75.516,114.1525021
9/20/2015,424.368216,73.6281,115.2353695
9/21/2015,438.2896729,75.516,111.9447308
9/22/2015,433.9466335,75.516,110.5804604
9/23/2015,424.2980265,74.8867,110.8921957
9/24/2015,419.5368009,74.8867,111.9782697
9/25/2015,428.5216851,74.2574,111.6050103
9/26/2015,436.6028197,76.1453,111.0888282
9/27/2015,409.2112933,72.3695,111.0245776
9/28/2015,392.4051987,70.4816,110.7587176
9/29/2015,381.1120802,68.5937,82.40655994
9/30/2015,371.7209957,67.3351,81.22959226
10/1/2015,383.5266828,67.9644,81.0873466
10/2/2015,376.1558988,66.0765,81.3834494
10/3/2015,356.6801039,62.93,81.60263238
10/4/2015,368.0806737,64.8179,82.29300529
10/5/2015,385.0501093,66.0765,81.97481957
10/6/2015,344.9074066,59.1542,83.62819876
10/7/2015,333.183277,58.5249,83.9725052
10/8/2015,347.9602531,60.4128,84.60665021
10/9/2015,349.9252327,61.0421,84.83821668
10/10/2015,342.8114385,59.1542,84.5619039
10/11/2015,355.1177905,60.4128,84.01732808
10/12/2015,362.3451007,61.0421,84.08423599
10/13/2015,365.5844305,61.0421,84.27958394
10/14/2015,365.6090429,61.6714,84.02296522
10/15/2015,329.6628769,56.637,83.90212372
10/16/2015,323.194329,50.344,83.89805387
10/17/2015,380.1576629,61.0421,84.86759311
10/18/2015,381.2817306,64.8179,84.36645212
10/19/2015,382.3810902,65.4472,84.01713028
10/20/2015,382.7476307,66.0765,84.13449722
10/21/2015,405.2445001,69.8523,83.38241246
10/22/2015,419.418839,71.7402,81.24650556
10/23/2015,466.9530486,80.5504,82.03575024
10/24/2015,494.898849,85.5848,82.0057585
10/25/2015,486.0659749,84.3262,81.23199055
10/26/2015,438.7711428,72.3695,68.03913747
10/27/2015,366.7467521,51.6026,82.22090264
10/28/2015,421.3124965,66.7058,81.21742681
10/29/2015,466.1585827,81.1797,80.83290956
10/30/2015,467.6734591,80.5504,80.5155345
10/31/2015,472.8190731,81.1797,80.5588672
11/1/2015,469.063698,81.1797,80.0741323
11/2/2015,465.299509,80.5504,78.45724111
11/3/2015,464.6078814,80.5504,79.53453694
11/4/2015,462.3130793,81.1797,79.36892213
11/5/2015,452.5018621,78.6625,79.5685811
11/6/2015,457.6679322,79.2918,79.08369797
11/7/2015,446.8197997,76.7746,77.1034485
11/8/2015,442.8415136,75.516,79.38928954
11/9/2015,446.3870679,75.516,79.29386995
11/10/2015,440.8894375,74.2574,79.45011166
11/11/2015,436.1444005,72.9988,79.47530609
11/12/2015,414.0014978,69.223,80.11844904
11/13/2015,428.6018153,72.3695,79.04683326
11/14/2015,363.6380594,57.8956,77.62821612
11/15/2015,173.5827124,24.5427,78.41308933
11/16/2015,265.1752186,42.7924,77.84862451
11/17/2015,320.5570524,14.4739,76.69845363
11/18/2015,317.6834927,51.6026,76.8163225
11/19/2015,387.7582131,65.4472,76.07296961
11/20/2015,374.6408072,62.93,75.82330299
11/21/2015,366.3175498,62.3007,74.67928649
11/22/2015,354.5087145,60.4128,36.24626661
11/23/2015,221.0847033,19.5083,38.06932276
11/24/2015,384.6951903,66.7058,73.86001557
11/25/2015,382.7349848,66.0765,76.78341427
11/26/2015,404.6566287,69.223,76.97792146
11/27/2015,407.4614887,69.8523,75.98531405
11/28/2015,316.4150367,53.4905,75.92189908
11/29/2015,355.0789081,61.0421,75.65805099
11/30/2015,346.8259574,59.7835,76.16863182
12/1/2015,341.2423318,59.1542,75.91871914
12/2/2015,267.5476441,28.3185,75.20639026
12/3/2015,328.278239,46.5682,76.35951682
12/4/2015,345.7651504,59.1542,76.25790606
12/5/2015,335.4669204,57.2663,76.53234889
12/6/2015,342.546189,58.5249,76.69947145
12/7/2015,353.5920221,60.4128,76.53973136
12/8/2015,351.9149225,59.7835,76.43812818
12/9/2015,354.8303987,60.4128,76.3510055
12/10/2015,316.4936703,53.4905,76.51066947
12/11/2015,338.0328341,58.5249,76.25621969
12/12/2015,348.3533246,58.5249,76.19999291
12/13/2015,345.533971,58.5249,76.2948012
12/14/2015,354.0223104,59.7835,76.48536915
12/15/2015,361.6617292,61.0421,75.80021833
12/16/2015,353.966279,61.0421,75.76108699
12/17/2015,327.12881,56.637,76.62822239
12/18/2015,295.3087499,50.9733,77.04526152
12/19/2015,302.8895677,51.6026,76.16260198
12/20/2015,308.2006625,52.8612,76.49418434
12/21/2015,355.7735558,60.4128,77.59857086
12/22/2015,349.6892539,54.1198,77.47943381
12/23/2015,360.1644301,61.6714,77.84485237
12/24/2015,360.4672948,52.2319,78.01803489
12/25/2015,347.0646973,60.4128,78.14955076
12/26/2015,346.6816318,61.0421,78.20153761
12/27/2015,296.0277583,47.1975,80.1922246
12/28/2015,344.1085248,59.7835,76.86518294
12/29/2015,367.872083,62.3007,76.87245309
12/30/2015,356.3002412,61.0421,76.55695259
12/31/2015,355.3860615,62.3007,76.18652417
1/1/2016,364.7360992,64.1886,75.75307076
1/2/2016,358.175403,63.5593,75.80389148
1/3/2016,341.3103241,61.0421,75.42061442
1/4/2016,349.7671082,62.93,75.47991184
1/5/2016,361.9027206,65.4472,75.16483538
1/6/2016,372.8789678,67.3351,74.92887499
1/7/2016,369.3596705,61.6714,74.66789096
1/8/2016,365.819977,35.8701,73.98269375
1/9/2016,392.3035335,69.8523,74.32072587
1/10/2016,397.5770189,70.4816,75.41346263
1/11/2016,339.9133685,32.7236,75.40340937
1/12/2016,427.6360195,74.8867,75.00253802
1/13/2016,346.6224181,55.3784,74.74500415
1/14/2016,390.7481565,67.9644,74.60412753
1/15/2016,383.5373799,66.7058,74.1484601
1/16/2016,376.3911587,66.7058,74.63017661
1/17/2016,384.2700697,68.5937,74.54257335
1/18/2016,412.8767745,72.9988,74.58889274
1/19/2016,414.7148457,73.6281,74.04802764
1/20/2016,408.1865049,71.7402,73.60800302
1/21/2016,415.7269076,72.3695,74.42525088
1/22/2016,414.8346302,72.3695,74.93102664
1/23/2016,350.854017,47.8268,73.89525641
1/24/2016,398.1764414,68.5937,72.64574261
1/25/2016,385.8079448,67.3351,73.28559728
1/26/2016,331.6411,66.0765,73.07546613
1/27/2016,396.442424,65.4472,73.01629056
1/28/2016,404.6637308,70.4816,73.44687724
1/29/2016,404.3181983,70.4816,72.83543575
1/30/2016,402.9892044,70.4816,72.63597379
1/31/2016,386.5450786,68.5937,71.37172009
2/1/2016,382.3919842,68.5937,70.40359747
2/2/2016,397.2515361,69.8523,61.13639079
2/3/2016,433.8079443,71.1109,70.59983713
2/4/2016,400.6,64.8,70.20290303
2/5/2016,296.3,48.5,70.45054928
2/6/2016,323.6,56,69.23328401
2/7/2016,339.3,57.9,68.17012551
2/8/2016,341.4,59.2,67.87207761
2/9/2016,330,58.5,67.32998372
2/10/2016,327.1,57.9,67.84931702
2/11/2016,339.726701,60.4128,66.87513301
2/12/2016,315.0023272,54.7491,64.24226124
2/13/2016,347.1142983,57.8956,65.17645061
2/14/2016,356.185839,51.6026,65.26768424
2/15/2016,363.4,62.3,65.41032243
2/16/2016,352.3,62.3,64.6775732
2/17/2016,359.6,62.9,64.33081897
2/18/2016,361.3,62.9,26.81123517
2/19/2016,363.3,63.6,49.85689974
2/20/2016,378.5,65.4,88.0998046
2/21/2016,273.1,42.8,87.9991838
2/22/2016,354.1,62.3,87.15120078
2/23/2016,340.4,58.5,86.91196657
2/24/2016,325.2,52.9,87.19667199
2/25/2016,316.607417,47.8268,86.4695827
2/26/2016,321.0028089,55.3784,85.76900649
2/27/2016,367.265688,62.93,82.41985629
2/28/2016,279.8242541,44.051,83.26461165
2/29/2016,281.4829047,48.4561,85.57258916
3/1/2016,294.7606972,50.9733,84.38996061
3/2/2016,277.3699194,48.4561,85.73049359
3/3/2016,317.8610649,55.3784,85.9141651
3/4/2016,321.4996701,56.0077,86.19531329
3/5/2016,296.9628001,50.9733,86.34085365
3/6/2016,298.2268543,50.9733,86.31964607
3/7/2016,297.8589162,50.9733,85.46963849
3/8/2016,292.5750246,49.7147,87.40125546
3/9/2016,286.7595255,49.0854,88.11478616
3/10/2016,286.0673043,49.0854,88.20892724
3/11/2016,283.1108987,47.8268,89.93139532
3/12/2016,289.3097108,48.4561,87.5061651
3/13/2016,290.9651241,49.7147,87.74292719
3/14/2016,308.3873379,52.8612,89.14719383
3/15/2016,309.9581801,53.4905,88.49685782
3/16/2016,287.7482445,49.0854,88.06396069
3/17/2016,158.7099055,27.0599,88.27683799
3/18/2016,306.5806541,52.8612,88.02393378
3/19/2016,289.5705306,50.344,86.89549855
3/20/2016,305.2224921,52.8612,86.81573916
3/21/2016,315.7175498,54.1198,88.03627106
3/22/2016,310.3568166,53.4905,88.79836696
3/23/2016,308.8872171,53.4905,88.7941661
3/24/2016,308.0270675,53.4905,87.298229
3/25/2016,306.9,53.5,88.92433405
3/26/2016,310.3,54.1,89.08694272
3/27/2016,306.5,52.9,89.65746512
3/28/2016,315.7,54.7,107.4225817
3/29/2016,296.3,51,110.4775245
3/30/2016,363,62.9,111.3325851
3/31/2016,349.8131374,59.7835,110.1436226
4/1/2016,327.0400254,56.0077,111.1115618
4/2/2016,328.1589014,56.637,109.1009969
4/3/2016,362.1038335,62.3007,110.8866138
4/4/2016,368.1620973,63.5593,111.3848871
4/5/2016,361.6300959,55.3784,111.1945447
4/6/2016,371.1698977,64.8179,109.9663736
4/7/2016,375.1309259,64.8179,110.6425855
4/8/2016,382.6835027,65.4472,111.8567605
4/9/2016,387.2031417,66.0765,110.8957733
4/10/2016,355.0267759,61.0421,110.4034721
4/11/2016,376.4891672,64.1886,109.7513228
4/12/2016,360.7845182,62.3007,109.3470563
4/13/2016,361.596546,56.637,108.6027515
4/14/2016,363.7684533,62.93,109.785329
4/15/2016,371.2076266,40.9045,109.3588324
4/16/2016,360.9995371,61.0421,108.4113648
4/17/2016,360.2290704,61.6714,108.7541297
4/18/2016,359.280851,61.0421,108.013169
4/19/2016,364.6492743,61.6714,108.5099059
4/20/2016,362.1429646,61.6714,106.8770782
4/21/2016,370.7558766,62.3007,107.1007519
4/22/2016,363.1770911,57.2663,109.4215778
4/23/2016,369.3134659,41.5338,108.1268155
4/24/2016,377.0771012,62.93,106.870728
4/25/2016,373.2866146,62.93,110.3485032
4/26/2016,373.2342533,62.3007,109.447457
4/27/2016,369.7385924,62.93,109.9175671
4/28/2016,373.6599764,63.5593,108.9795866
4/29/2016,380.9017827,64.1886,109.1650815
4/30/2016,379.4195137,57.2663,109.2297937
5/1/2016,396.9697616,66.7058,109.4302585
5/2/2016,392.4236043,66.0765,110.672149
5/3/2016,386.3267172,66.0765,110.1726273
5/4/2016,384.2012607,64.8179,110.2863317
5/5/2016,385.8,65.4,110.1225427
5/6/2016,380,64.8,110.6796316
5/7/2016,317.7,53.5,111.3472982
5/8/2016,379.6,64.8,110.1434747
5/9/2016,368.2,63.6,59.85528919
5/10/2016,355.5,59.8,109.4841082
5/11/2016,313.6,52.9,133.7044661
5/12/2016,380.5,65.4,132.893051
5/13/2016,373.6,64.2,135.3988806
5/14/2016,359.3401347,57.8956,133.1640107
5/15/2016,358.9917127,60.4128,133.34391
5/16/2016,362.4375986,62.93,133.6563667
5/17/2016,369.2653912,64.1886,134.6992699
5/18/2016,364.2564447,63.5593,135.9101071
5/19/2016,367.2316229,63.5593,136.438073
5/20/2016,373.7,63.6,134.7790857
5/21/2016,375.1,64.8,134.8718005
5/22/2016,385,66.1,134.6123539
5/23/2016,376.2,66.7,134.0454347
5/24/2016,394.2,67.3,133.1167426
5/25/2016,384.7,66.7,128.5831544
5/26/2016,330.1138235,56.637,132.9557121
5/27/2016,340.4138615,58.5249,133.694042
5/28/2016,340.471947,58.5249,134.4795875
5/29/2016,282.7872358,36.4994,134.2775184
5/30/2016,228.6145555,15.7325,129.7021567
5/31/2016,310.7450497,53.4905,132.9247459
6/1/2016,336.9588203,54.7491,134.5768959
6/2/2016,327.8,56,134.5414709
6/3/2016,322.1,54.7,136.1653436
6/4/2016,314.1,54.7,128.8806565
6/5/2016,291.9,49.7,125.9081677
6/6/2016,295.2,50.3,132.5936134
6/7/2016,290.1,49.7,134.6881145
6/8/2016,288,48.5,134.7644026
6/9/2016,311.9,52.2,134.8396239
6/10/2016,311.4349804,52.2319,134.7442602
6/11/2016,307.2771689,50.9733,133.1754434
6/12/2016,327.0405268,54.7491,134.8343836
6/13/2016,325.0839694,54.7491,134.5900585
6/14/2016,288.5607173,47.1975,135.1771527
6/15/2016,290.444126,49.0854,134.1910026
6/16/2016,321.7,54.1,133.9798562
6/17/2016,327.4,52.9,133.0893564
6/18/2016,285.4,47.8,132.3183235
6/19/2016,317.9,45.3,130.4237072
6/20/2016,309.1,52.2,130.5351246
6/21/2016,309.3,55.4,130.7631195
6/22/2016,329.9,55.4,101.1410058
6/23/2016,314.1,53.5,100.5981716
6/24/2016,285,48.5,100.5526437
6/25/2016,283.5,56,100.5370608
6/26/2016,331,56,100.4167848
6/27/2016,314.2,53.5,100.0277986
6/28/2016,312.6,53.5,96.34455337
6/29/2016,292.9,49.1,101.3979607
6/30/2016,269.2,46.6,100.837448
7/1/2016,276.9,46.6,101.3531919
7/2/2016,284.1,47.8,101.0269337
7/3/2016,287.7,51,100.8831777
7/4/2016,302.9,51.6,101.6143556
7/5/2016,379.8,63.6,102.0885698
7/6/2016,393.5,68.6,103.0421827
7/7/2016,395.9,67.3,101.0464173
7/8/2016,400.9,68.6,100.3609733
7/9/2016,402,68.6,100.5572096
7/10/2016,399.6,67.3,100.5823751
7/11/2016,286.3,40.3,100.1799587
7/12/2016,379.9,64.2,99.65213295
7/13/2016,382.7,63.6,99.43512889
7/14/2016,390.2,65.4,97.985829
7/15/2016,387.1,65.4,98.39140491
7/16/2016,379.5,63.6,98.33488313
7/17/2016,378.6,63.6,98.3193798
7/18/2016,395.3,65.4,97.23026231
7/19/2016,391.4,65.4,97.86404037
7/20/2016,389.5,62.9,97.68765636
7/21/2016,388.1,63.6,97.51212533
7/22/2016,310.8,52.2,94.31085958
7/23/2016,361.7,61,97.54238453
7/24/2016,370.4,61.7,97.46372057
7/25/2016,390.7,64.2,98.07137762
7/26/2016,376.4,56.6,97.67650509
7/27/2016,360.2,62.3,95.06549391
7/28/2016,357.7552398,59.1542,96.80652398
7/29/2016,419.257864,69.223,96.32230497
7/30/2016,406.3493445,68.5937,93.08796257
7/31/2016,367.7932758,62.3007,87.76090997
8/1/2016,427.8270729,71.7402,90.45578721
8/2/2016,477.4334233,79.2918,91.5237703
8/3/2016,457.255203,78.0332,90.93232499
8/4/2016,440.1,84.3,90.22220615
8/5/2016,397.5,76.1,89.80856598
8/6/2016,396,76.1,90.09670226
8/7/2016,389.6,74.9,88.37765554
8/8/2016,386.8,74.3,88.09754323
8/9/2016,396.6,71.1,87.32032584
8/10/2016,369.4,63.6,69.72147346
8/11/2016,196.3,33.4,85.15815349
8/12/2016,418.9,69.2,86.47109439
8/13/2016,381.2,62.9,83.89526554
8/14/2016,371.3,62.3,84.70002245
8/15/2016,365.2,56.6,84.20474614
8/16/2016,346.3,60.4,84.08822638
8/17/2016,359.6,61,84.86176948
8/18/2016,377.4,62.3,81.84469346
8/19/2016,380.8,63.6,80.46475639
8/20/2016,374.1,63.6,79.81059307
8/21/2016,349.2,60.4,80.1526741
8/22/2016,401.6,69.2,79.0409638
8/23/2016,399.1,69.2,78.9765555
8/24/2016,396,67.3,78.96405455
8/25/2016,393.5,67.3,78.37624781
8/26/2016,393.8,67.3,77.56205779
8/27/2016,332.1,55.4,68.031292
8/28/2016,320.3,56,77.67317139
8/29/2016,314.7,55.4,78.91301611
8/30/2016,317,54.1,78.98352366
8/31/2016,454.4,77.4,79.23430866
9/1/2016,378.7,65.4,79.49237054
9/2/2016,300,52.9,79.60826213
9/3/2016,296.3,52.2,79.41826644
9/4/2016,299.1,52.9,78.42088394
9/5/2016,293.8,51.6,80.15890429
9/6/2016,267.1,46.6,80.16743974
9/7/2016,284.6,49.7,81.12222173
9/8/2016,285.9,50.3,80.8386366
9/9/2016,439.1,76.1,80.52872867
9/10/2016,471.8,82.4,81.36030247
9/11/2016,426.3,73.6,81.56461257
9/12/2016,432.6,73,81.57406081
9/13/2016,434.9,74.3,81.68772186
9/14/2016,432,74.3,82.34480823
9/15/2016,431.3,74.3,82.50084733
9/16/2016,433.9,74.9,81.80993262
9/17/2016,424.9,51.6,83.25858267
9/18/2016,436,74.9,83.15773785
9/19/2016,425.7,74.3,82.83832031
9/20/2016,423.7,73,83.1473365
9/21/2016,427.1,73,83.92613184
9/22/2016,449.9,74.9,84.44227075
9/23/2016,409.2,66.7,84.06558762
9/24/2016,450.5,74.9,85.61607522
9/25/2016,454.5,75.5,84.0697173
9/26/2016,363.7,54.1,86.76897422
9/27/2016,417.7,68,87.76565129
9/28/2016,421.8,71.1,87.42404174
9/29/2016,427.5,70.5,86.21167752
9/30/2016,428.7,71.7,85.66849357
10/1/2016,428.5483364,72.3695,84.48038169
10/2/2016,427.5524995,72.9988,83.7957854
10/3/2016,424.2093406,72.3695,85.06073523
10/4/2016,428.6836782,73.6281,83.68901586
10/5/2016,444.1736693,74.8867,83.1093578
10/6/2016,461.8351751,76.7746,82.60477585
10/7/2016,466.2678874,80.5504,82.38436413
10/8/2016,467.8827178,80.5504,37.67273976
10/9/2016,463.174715,79.9211,76.79263762
10/10/2016,466.0213646,79.9211,107.4410947
10/11/2016,321.3233874,54.7491,107.6486341
10/12/2016,301.3435381,51.6026,107.6195763
10/13/2016,405.2646474,69.8523,108.1330049
10/14/2016,413.7478028,68.5937,106.8080418
10/15/2016,408.8388182,70.4816,105.1853702
10/16/2016,405.4227125,82.4383,105.9469882
10/17/2016,453.924006,77.4039,106.3692537
10/18/2016,352.0065152,27.6892,105.3178284
10/19/2016,442.4633229,73.6281,106.2528651
10/20/2016,451.9507,76.7746,105.6304436
10/21/2016,452.3810404,77.4039,105.4697261
10/22/2016,456.4862377,77.4039,105.3022577
10/23/2016,460.4781291,77.4039,104.8663646
10/24/2016,446.7595613,69.8523,104.2818472
10/25/2016,432.0143735,72.3695,104.3273746
10/26/2016,473.9018742,82.4383,105.1783029
10/27/2016,453.0536644,69.223,106.7842564
10/28/2016,398.2021589,57.8956,107.8538827
10/29/2016,252.1128721,42.1631,107.9525627
10/30/2016,253.8,42.8,108.6862421
10/31/2016,250.8,42.8,108.4321889
11/1/2016,243,42.8,107.434151
11/2/2016,4.4,0.6,107.231228
11/3/2016,0,0,107.9010167
11/4/2016,0,0,107.5296808
11/5/2016,66.3,11.3,108.1230916
11/6/2016,237.9,40.9,108.598642
11/7/2016,227.3,39.6,107.6537817
11/8/2016,225,39.6,107.2472779
11/9/2016,307.1,53.5,105.1469151
11/10/2016,260.3,40.9,105.72874
11/11/2016,345.2,59.2,106.4059191
11/12/2016,341.1,57.3,106.6483885
11/13/2016,346,59.2,106.1002529
11/14/2016,339.3,56.6,105.1404474
11/15/2016,347.3,57.9,105.3819269
11/16/2016,347.8,58.5,106.0870177
11/17/2016,349.1,58.5,106.9883924
11/18/2016,345.3,58.5,106.4364062
11/19/2016,346,57.9,106.7625111
11/20/2016,346.8,58.5,105.0379742
11/21/2016,348.6,58.5,105.8272594
11/22/2016,349.1,58.5,105.7312243
11/23/2016,351.1,58.5,105.2682974
11/24/2016,345.9,57.9,105.080364
11/25/2016,349.5,57.9,106.0377386
11/26/2016,343.2,57.9,103.9157252
11/27/2016,339.2325474,57.2663,77.85420458
11/28/2016,335.2589682,56.637,103.397028
11/29/2016,301.640013,50.344,103.9727684
11/30/2016,344.3652224,58.5249,104.8594322
12/1/2016,343.6454105,58.5249,104.9619794
12/2/2016,327.5375185,55.3784,103.3923236
12/3/2016,330.9088246,55.3784,104.0073563
12/4/2016,328.6729942,55.3784,105.037853
12/5/2016,331.5065515,55.3784,103.7664106
12/6/2016,335.9191997,56.0077,103.3223345
12/7/2016,340.4863744,56.637,103.4941701
12/8/2016,346.7676357,56.637,102.8666187
12/9/2016,352.9979333,58.5249,103.1688885
12/10/2016,348.6074981,59.1542,102.7071536
12/11/2016,337.579896,57.2663,103.23592
12/12/2016,325.0773058,54.7491,102.2872635
12/13/2016,307.8897005,52.8612,97.10158035
12/14/2016,314.8418397,53.4905,100.6540159
12/15/2016,310.6758351,52.8612,100.706063
12/16/2016,292.6783151,49.7147,100.9759803
12/17/2016,275.5410562,45.9389,102.0259832
12/18/2016,312.2710861,52.2319,100.9982314
12/19/2016,322.8795308,53.4905,100.1283662
12/20/2016,292.3979021,47.8268,100.6002578
12/21/2016,339.0087148,57.8956,99.40685894
12/22/2016,45.85289382,7.5516,102.6781268
12/23/2016,0,0,101.1468438
12/24/2016,0,0,100.520795
12/25/2016,0,0,99.5068651
12/26/2016,0,0,100.8818898
12/27/2016,128.0200262,20.7669,98.671871
12/28/2016,337.550142,57.8956,99.43484432
12/29/2016,341.993824,58.5249,100.5301704
12/30/2016,333.681178,57.2663,100.5531262
12/31/2016,318.049553,54.1198,101.0376643
1/1/2017,313.348734,53.4905,101.1201983
1/2/2017,361.335309,58.5249,99.39716479
1/3/2017,394.607558,61.0421,98.72997796
1/4/2017,359.334308,54.1198,99.73308345
1/5/2017,398.889969,61.6714,99.88133668
1/6/2017,391.808221,60.4128,99.37892692
1/7/2017,395.76798,61.0421,99.69397723
1/8/2017,390.258736,59.1542,99.85241239
1/9/2017,390.895901,59.1542,99.1508996
1/10/2017,389.407689,59.1542,98.61268742
1/11/2017,395.453341,60.4128,98.07147553
1/12/2017,408.74091,61.6714,97.97852799
1/13/2017,401.041778,60.4128,97.52508054
1/14/2017,397.902191,59.7835,97.32186654
1/15/2017,393.465642,59.7835,81.06049747
1/16/2017,283.154681,35.2408,95.73652314
1/17/2017,384.05785,57.8956,96.8846111
1/18/2017,377.432602,56.637,96.69828681
1/19/2017,376.009109,56.637,98.02719869
1/20/2017,371.281341,56.0077,97.41152335
1/21/2017,376.699681,57.2663,111.2227884
1/22/2017,382.183208,57.2663,111.6337951
1/23/2017,376.539386,56.637,108.042959
1/24/2017,379.089637,56.637,103.1249373
1/25/2017,366.828394,56.637,106.1329114
1/26/2017,367.280346,58.5249,106.6067051
1/27/2017,367.678912,56.637,105.9779776
1/28/2017,341.709205,54.1198,106.4402392
1/29/2017,384.190733,61.6714,106.9786601
1/30/2017,377.202837,61.0421,86.99802092
1/31/2017,393.079966,63.5593,102.5634229
2/1/2017,383.48544,57.2663,107.2206602
2/2/2017,419.698925,67.9644,107.1893153
2/3/2017,423.631637,64.8179,106.4119446
2/4/2017,379.607584,61.6714,106.4085456
2/5/2017,384.053829,62.3007,105.7708154
2/6/2017,387.1137,60.4128,105.269638
2/7/2017,298.039463,46.5682,106.7675907
2/8/2017,350.479394,56.637,98.68749614
2/9/2017,349.774663,57.2663,107.3024388
2/10/2017,355.184209,56.637,107.4711171
2/11/2017,352.830707,54.1198,106.9284244
2/12/2017,429.812358,71.7402,107.1463493
2/13/2017,427.9059538,71.1,108.3441244
2/14/2017,426.962122,70.5,108.0218802
2/15/2017,425.3448207,70.5,107.7505831
2/16/2017,421.6939589,69.9,107.0590733
2/17/2017,416.0328193,69.2,106.5578306
2/18/2017,427.5131573,69.9,106.6195855
2/19/2017,434.2284245,70.5,108.7022069
2/20/2017,394.4752223,62.3,49.43585448
2/21/2017,420.1722616,68,22.83574498
2/22/2017,433.0328191,69.2,108.2074243
2/23/2017,412.8711113,67.3,125.4883872
2/24/2017,409.6869449,70.5,123.3452415
2/25/2017,420.3611176,76.8,122.0044991
2/26/2017,428.6425793,75.5,123.7092188
2/27/2017,424.6283601,77.4,124.1641833
2/28/2017,423.902106,78,121.9437409
3/1/2017,428.3350806,78,117.3993531
3/2/2017,435.4575471,78,115.9133042
3/3/2017,373.3385428,62.3,116.9907735
3/4/2017,370.4324768,30.8,118.4595836
3/5/2017,326.9862914,59.8,119.6555233
3/6/2017,351.8209848,64.8,119.854051
3/7/2017,352.3742881,64.2,119.1938492
3/8/2017,359.5868882,65.4,120.3428229
3/9/2017,357.5533653,64.8,120.9910301
3/10/2017,357.8866722,45.3,120.2198529
3/11/2017,359.7770653,64.8,119.4705721
3/12/2017,365.8743248,65.4,118.2325959
3/13/2017,373.817179,67.3,119.5154512
3/14/2017,377.7741058,68,119.2966598
3/15/2017,374.4454601,67.3,119.2955892
3/16/2017,367.2391151,65.4,118.4403213
3/17/2017,348.3392951,60.4,116.8729912
3/18/2017,445.9770406,80.6,114.6832278
3/19/2017,410.9020831,73.6,116.2484656
3/20/2017,400.7978568,72.4,117.0824285
3/21/2017,401.568607,50.3,115.7213058
3/22/2017,399.8478786,73,120.4317826
3/23/2017,403.8028693,73.6,117.9141366
3/24/2017,402.3752567,72.4,121.464231
3/25/2017,410.3487473,68,120.6215766
3/26/2017,397.1542661,66.7,121.0603498
3/27/2017,389.9027622,65.4,121.7387051
3/28/2017,377.7573942,62.3,120.7157501
3/29/2017,443.9,73.6,122.5850621
3/30/2017,429.4,71.7,122.7022842
3/31/2017,433.2,72.4,124.4037732
4/1/2017,440.7,73.6,122.1503454
4/2/2017,316.6,48.5,123.4182535
4/3/2017,351.1,52.9,122.6277384
4/4/2017,434,72.4,122.8177223
4/5/2017,439.3,73,122.3206755
4/6/2017,433.4,72.4,123.632
4/7/2017,422.9,69.9,122.0193984
4/8/2017,413.4,69.2,123.3518828
4/9/2017,421.8,70.5,120.9922891
4/10/2017,413.9,69.2,120.4817052
4/11/2017,408.5,69.9,121.8071841
4/12/2017,420.1,71.1,119.5845887
4/13/2017,429.5,72.4,118.8514045
4/14/2017,413.6,69.9,121.8225392
4/15/2017,387.9,63.6,119.2288528
4/16/2017,387.9,63.6,118.3229846
4/17/2017,437.5,74.3,118.595039
4/18/2017,423.3,71.7,119.8769982
4/19/2017,421.6,71.7,119.6261155
4/20/2017,418.3,70.5,120.0155345
4/21/2017,403.5,68,120.8694596
4/22/2017,375,64.2,118.8247575
4/23/2017,366.8,62.3,121.6674458
4/24/2017,377.9,63.6,121.2418168
4/25/2017,360.6,61.7,122.4183695
4/26/2017,372.3,63.6,122.3500641
4/27/2017,368.2,62.3,124.9782558
4/28/2017,366.7,62.3,121.132901
4/29/2017,374.8,62.9,125.1003782
4/30/2017,376.3,63.6,123.1253427
5/1/2017,370.4,63.6,122.7123832
5/2/2017,372.5,63.6,123.7570754
5/3/2017,378,64.2,125.357946
5/4/2017,369.3,62.9,124.7879777
5/5/2017,355.8,61,123.4175316
5/6/2017,340.7,57.9,78.98143822
5/7/2017,313.3,53.5,78.7346385
5/8/2017,315.6,54.1,79.66154332
5/9/2017,322.1,54.1198,79.27374025
5/10/2017,399.4,67.3351,77.73336467
5/11/2017,385.8,66.0765,59.6676137
5/12/2017,373.3,66.7058,77.25717009
5/13/2017,374.8,66.7058,77.15208446
5/14/2017,361.9,65.4472,77.17735564
5/15/2017,369.5,66.0765,77.10458417
5/16/2017,370.8,66.7058,76.28589827
5/17/2017,373,66.7058,75.86464621
5/18/2017,372.3,66.7058,75.46038195
5/19/2017,354.1,63.5593,76.04318673
5/20/2017,245,37.758,75.80904048
5/21/2017,0,0,75.66075538
5/22/2017,93.2,15.7325,75.88454661
5/23/2017,325.3,58.5249,74.95228875
5/24/2017,321.6,57.8956,75.29541898
5/25/2017,315,56.0077,75.79933132
5/26/2017,318.2,56.0077,75.85029016
5/27/2017,316.5,56.0077,67.44593077
5/28/2017,322.5,57.2663,74.84851023
5/29/2017,323.9,57.8956,76.30149171
5/30/2017,322.5,57.2663,76.21910375
5/31/2017,324.5,57.8956,75.12572907
6/1/2017,320.5,57.2663,74.16587573
6/2/2017,319.5,57.8956,73.70400743
6/3/2017,324.3,57.8956,74.45180584
6/4/2017,320.9,57.2663,76.17537355
6/5/2017,285.4,50.9733,74.73522611
6/6/2017,274,48.4561,43.99777276
6/7/2017,305,54.1198,74.50915583
6/8/2017,186.7,32.7236,86.61005169
6/9/2017,303.6,55.3784,85.17059626
6/10/2017,307.4,54.7491,85.13402518
6/11/2017,309.6,54.7491,83.92343872
6/12/2017,310.6,54.7491,84.42221054
6/13/2017,315,56.0077,83.46371871
6/14/2017,209.7,36.4994,83.9258933
6/15/2017,0,0,82.132745
6/16/2017,0,0,78.86521151
6/17/2017,0,0,81.36703006
6/18/2017,381.1007742,68.5937,81.4000284
6/19/2017,381.5313999,71.1109,80.93517481
6/20/2017,383.366077,71.1109,79.27783125
6/21/2017,421.5445023,77.4039,78.79712936
6/22/2017,447.7428876,79.2918,77.86197448
6/23/2017,455.5943672,82.4383,77.05561191
6/24/2017,444.9574269,81.1797,75.79564784
6/25/2017,398.4770264,58.5249,76.66720653
6/26/2017,443.6545038,81.809,77.02351858
6/27/2017,450.308399,83.6969,75.06977347
6/28/2017,448.7384868,83.6969,75.15633874
6/29/2017,442.3574924,81.809,75.02753918
6/30/2017,354.7147771,68.5937,74.81157894
7/1/2017,0,0,76.94370661
7/2/2017,0,0,76.420932
7/3/2017,15.5391,2.5172,76.15164411
7/4/2017,396.3248,70.4816,75.93034599
7/5/2017,427.9166,75.516,76.29914214
7/6/2017,521.6621,92.5071,76.78894553
7/7/2017,569.2039,100.0587,73.34095437
7/8/2017,538.3496,94.395,75.52434839
7/9/2017,507.9229,89.3606,76.29598073
7/10/2017,510.8146,89.9899,76.33396074
7/11/2017,379.4387,66.7058,75.89898449
7/12/2017,504.1683,90.6192,75.95869997
7/13/2017,511.2751,90.6192,75.78747648
7/14/2017,482.1247,86.8434,75.98087436
7/15/2017,441.1751,79.9211,76.18075594
7/16/2017,456.6659,81.809,75.31066527
7/17/2017,451.4326,81.1797,75.63523375
7/18/2017,352.0491,62.93,75.40361483
7/19/2017,455.86,82.4383,76.68199808
7/20/2017,395.5305,71.1109,76.73962045
7/21/2017,413.7876,76.1453,77.77823042
7/22/2017,408.6987,74.8867,77.67996196
7/23/2017,407.8937,74.2574,78.18805297
7/24/2017,380.6821,68.5937,78.08661684
7/25/2017,287.1036,50.9733,78.14377369
7/26/2017,292.3464,51.6026,78.48114283
7/27/2017,294.56,52.2319,78.92531287
7/28/2017,269.5137,48.4561,79.05349397
7/29/2017,261.6796,45.9389,77.45470357
7/30/2017,268,21.3962,76.94404799
7/31/2017,60,0,76.99534262
8/1/2017,0,0,77.05385463
8/2/2017,0,0,64.48885892
8/3/2017,0,0,77.35760729
8/4/2017,0,0,76.47331561
8/5/2017,0,0,76.52487771
8/6/2017,165.1,24.5427,77.50397481
8/7/2017,378.5,60.4128,77.85774056
8/8/2017,314.1,55.3784,77.26040127
8/9/2017,285.4,50.344,76.05458991
8/10/2017,288.1,50.9733,49.62011334
8/11/2017,92.9,7.5516,76.98889041
8/12/2017,463.8,80.5504,76.07990773
8/13/2017,446.9,78.6625,76.32021327
8/14/2017,445.7,78.6625,75.35272798
8/15/2017,440.1,78.6625,75.89297023
8/16/2017,439.7,78.0332,65.65222411
8/17/2017,442.3,77.4039,76.86892218
8/18/2017,442.3,79.2918,76.71734881
8/19/2017,443.9,79.2918,76.79123208
8/20/2017,433.2,76.7746,76.65371206
8/21/2017,429.3,76.1453,77.00854746
8/22/2017,421.5,74.2574,77.09588414
8/23/2017,402.9,71.1109,77.06330221
8/24/2017,411,72.3695,77.56069603
8/25/2017,418.5,72.3695,78.54313208
8/26/2017,419.7,72.3695,78.75773938
8/27/2017,415.3,72.9988,78.99022785
8/28/2017,374.9,65.4472,78.29412227
8/29/2017,412.1,72.3695,78.54689035
8/30/2017,403.6,71.1109,78.2764359
8/31/2017,406,71.7402,79.24808378
9/1/2017,406.2,71.1109,78.51459957
9/2/2017,413.1,72.9988,78.54820426
9/3/2017,441.3,77.4039,79.10612898
9/4/2017,435.8,76.7746,78.75088472
9/5/2017,428.2,75.516,78.57784785
9/6/2017,417,72.9988,80.12206817
9/7/2017,406.2,61.0421,80.27757896
9/8/2017,407,71.1109,79.7340863
9/9/2017,415.8,72.9988,79.20758452
9/10/2017,267.3,42.1631,80.25889786
9/11/2017,362.7,65.4472,79.23162845
9/12/2017,357.5,63.5593,80.66116693
9/13/2017,277.7,48.4561,77.24991909
9/14/2017,323.6,56.637,77.22173321
9/15/2017,295.4,52.8612,77.11031662
9/16/2017,294.3,52.8612,77.68446692
9/17/2017,300.7,54.1198,77.1684585
9/18/2017,300.5,54.1198,77.43493098
9/19/2017,306.5,55.3784,77.26195246
9/20/2017,312.2,56.0077,75.25596688
9/21/2017,280.4,49.7147,76.1741425
9/22/2017,333.8,59.7835,76.43125798
9/23/2017,292.5,47.1975,76.47892289
9/24/2017,278.6,49.7147,76.84148406
9/25/2017,279.4,49.7147,76.67301002
9/26/2017,281.4,50.9733,77.33748504
9/27/2017,291.3,52.8612,77.18186505
9/28/2017,307,54.1198,76.95863368
9/29/2017,309.7,55.3784,76.26867998
9/30/2017,313.4,55.3784,76.77037138
10/1/2017,317.8,56.637,76.1158178
10/2/2017,319.5,57.2663,75.74823219
10/3/2017,409.3,72.3695,74.27430849
10/4/2017,420.8,74.8867,73.8485164
10/5/2017,416.7,76.1453,75.13572036
10/6/2017,412.8,75.516,74.17824848
10/7/2017,417.3,75.516,74.39065386
10/8/2017,428,74.8867,74.54106577
10/9/2017,408.2,73.6281,73.61423744
10/10/2017,403.5,72.9988,74.36071598
10/11/2017,384.9,70.4816,75.01697312
10/12/2017,382,69.223,74.96800441
10/13/2017,385.3,69.223,74.16359105
10/14/2017,386.6,69.223,74.98926388
10/15/2017,366.8,64.8179,73.40104618
10/16/2017,374,64.8179,74.65415721
10/17/2017,363.1,64.1886,73.68625858
10/18/2017,372.4,65.4472,73.66367954
10/19/2017,384.1,66.0765,73.26942517
10/20/2017,441.1,76.7746,72.29893641
10/21/2017,431,75.516,72.85680365
10/22/2017,426.4,74.8867,74.08338655
10/23/2017,428.6,74.8867,74.10186547
10/24/2017,415.7,72.9988,73.81271826
10/25/2017,286.7,45.9389,73.36601662
10/26/2017,0,0,73.14582013
10/27/2017,0,0,73.21115288
10/28/2017,90.2,15.1032,72.43910325
10/29/2017,0,0,72.98179161
10/30/2017,0,0,73.33932448
10/31/2017,0,0,72.37308198
11/1/2017,0,0,73.10270254
11/2/2017,0,0,72.79299389
11/3/2017,0,0,71.7260738
11/4/2017,0,0,72.47390198
11/5/2017,0,0,71.51400171
11/6/2017,0,0,71.55882572
11/7/2017,0,0,70.6762381
11/8/2017,43.17585581,7.5516,71.65615814
11/9/2017,443.3726644,77.4039,69.611375
11/10/2017,313.0685282,54.1198,70.08860002
11/11/2017,0,0,69.8566232
11/12/2017,0,0,69.93613835
11/13/2017,0,0,70.14893589
11/14/2017,0,0,69.72097971
11/15/2017,0,0,67.69009722
11/16/2017,0,0,69.88031461
11/17/2017,0,0,68.22150195
11/18/2017,0,0,64.07160611
11/19/2017,0,0,32.80814748
11/20/2017,0,0,74.49124214
11/21/2017,0,0,74.12563835
11/22/2017,0,0,71.40483615
11/23/2017,98.79352027,16.9911,74.01838578
11/24/2017,303.4468125,54.1198,72.89025
11/25/2017,321.5844628,57.2663,67.65630651
11/26/2017,297.6132861,52.2319,70.63594497
11/27/2017,314.3454457,56.0077,70.94899366
11/28/2017,321.1591422,57.2663,72.43396816
11/29/2017,320.7629727,56.0077,70.31455144
11/30/2017,316.4960994,56.0077,70.06328593
12/1/2017,311.8419942,55.3784,69.87372505
12/2/2017,302.7207019,53.4905,70.32005575
12/3/2017,324.0129974,54.1198,70.42756242
12/4/2017,370.3889355,53.4905,71.10959766
12/5/2017,347.7836586,37.1287,71.7949311
12/6/2017,372.661149,54.1198,70.48483047
12/7/2017,361.7597743,53.4905,70.43320928
12/8/2017,355.1436836,52.2319,69.93947008
12/9/2017,367.4308824,53.4905,70.61082461
12/10/2017,369.755578,49.0854,70.15317247
12/11/2017,375.188497,55.3784,70.80909061
12/12/2017,380.9975737,55.3784,70.10025647
12/13/2017,322.0554662,45.3096,69.44893191
12/14/2017,290.9891434,22.0255,71.01145489
12/15/2017,373.2517683,52.8612,70.89377927
12/16/2017,430.1551926,62.3007,70.43285403
12/17/2017,430.1193246,62.3007,70.82579121
12/18/2017,254.2766545,37.1287,71.25635877
12/19/2017,0,0,70.38481415
12/20/2017,244.2620951,33.9822,69.11058909
12/21/2017,421.1081504,60.4128,68.64364637
12/22/2017,429.4226179,59.7835,70.32887092
12/23/2017,373.5431703,52.2319,70.25608896
12/24/2017,373.6081946,52.8612,69.85807148
12/25/2017,335.9345634,47.1975,70.45414396
12/26/2017,217.2234893,31.465,68.89508984
12/27/2017,201.8755483,29.5771,67.7333897
12/28/2017,197.7420927,28.9478,67.64568547
12/29/2017,200.5469445,28.9478,67.15063286
12/30/2017,207.3698771,30.2064,68.84017559
12/31/2017,209.1096873,30.2064,66.60356456
1/1/2018,343.3523217,49.7147,51.41482477
1/2/2018,380.4668646,49.7147,67.13628126
1/3/2018,404.3254537,59.1542,67.11321703
1/4/2018,407.3515804,59.7835,66.42120935
1/5/2018,388.4486966,56.637,66.56837219
1/6/2018,373.3551002,54.1198,68.062364
1/7/2018,354.188474,50.9733,66.11278382
1/8/2018,409.2416753,59.1542,53.30287318
1/9/2018,332.0251955,39.6459,68.02542661
1/10/2018,424.3923513,59.7835,67.44295024
1/11/2018,395.2647868,56.637,68.70365869
1/12/2018,359.2451937,52.2319,68.29601239
1/13/2018,355.7456539,50.344,68.15720684
1/14/2018,339.7910271,49.7147,70.34969998
1/15/2018,351.5900026,51.6026,69.38052785
1/16/2018,357.8727658,52.2319,68.564748
1/17/2018,336.5903959,49.0854,67.09919223
1/18/2018,428.2634468,62.3007,67.02658839
1/19/2018,488.9574638,69.8523,67.52813242
1/20/2018,473.12091,66.0765,68.3294741
1/21/2018,472.3141066,66.0765,67.11543487
1/22/2018,484.715718,69.223,66.16510549
1/23/2018,494.1208738,69.8523,66.42940031
1/24/2018,492.062971,69.223,67.91919403
1/25/2018,495.3682628,68.5937,66.83842608
1/26/2018,480.7121396,66.7058,66.25038703
1/27/2018,465.8229682,64.8179,71.02424742
1/28/2018,465.0357333,64.8179,71.59830621
1/29/2018,475.2274625,66.0765,68.75621366
1/30/2018,475.6686896,66.0765,67.76097957
1/31/2018,478.8140789,67.3351,46.43011449
2/1/2018,482.2675858,67.3351,66.51221082
2/2/2018,477.9610768,66.7058,70.18938607
2/3/2018,476.0237076,66.7058,70.64701279
2/4/2018,474.0522674,66.0765,70.18948558
2/5/2018,471.9888485,66.7058,71.47136918
2/6/2018,395.9564837,42.1631,70.21970953
2/7/2018,456.0858842,56.0077,55.44924269
2/8/2018,458.2297452,65.4472,69.22387201
2/9/2018,438.6424247,62.93,70.32151312
2/10/2018,424.3801646,60.4128,68.40438002
2/11/2018,393.5311599,49.7147,69.68816945
2/12/2018,279.8330096,33.3529,69.0391961
2/13/2018,310.3253676,44.051,71.82830076
2/14/2018,118.838779,16.3618,72.59977601
2/15/2018,0,0,73.53450355
2/16/2018,0,0,54.40109009
2/17/2018,0,0,54.90903548
2/18/2018,0,0,54.62660705
2/19/2018,0,0,54.20327105
2/20/2018,0,0,53.38508565
2/21/2018,0,0,52.12910016
2/22/2018,45.18957449,5.0344,50.92566458
2/23/2018,0,0,50.77041277
2/24/2018,0,0,49.26454365
2/25/2018,0,0,49.06346311
2/26/2018,0,0,48.32183176
2/27/2018,0,0,48.76738223
2/28/2018,0,0,47.66399544
3/1/2018,0,0,37.5596448
3/2/2018,0,0,47.20808426
3/3/2018,0,0,46.43597098
3/4/2018,24.39518706,2.5172,46.53002828
3/5/2018,260.4986445,36.4994,46.5539327
3/6/2018,0,0,46.63973828
3/7/2018,0,0,45.87965404
3/8/2018,0,0,45.63268561
3/9/2018,0,0,45.94512617
3/10/2018,0,0,46.23153879
3/11/2018,0,0,46.35160023
3/12/2018,11.5791526,1.2586,45.99989746
3/13/2018,327.61716,45.9389,46.60576613
3/14/2018,296.5876392,41.5338,45.07282455
3/15/2018,272.1484618,38.3873,44.99872943
3/16/2018,125.2451901,16.9911,44.28480994
3/17/2018,0,0,43.6302179
3/18/2018,0,0,43.24047412
3/19/2018,0,0,20.33116306
3/20/2018,0,0,0
3/21/2018,0,0,0
3/22/2018,0,0,37.2985406
3/23/2018,0,0,42.09745502
3/24/2018,0,0,42.99634166
3/25/2018,0,0,41.42735874
3/26/2018,0,0,41.22923084
3/27/2018,0,0,40.97197515
3/28/2018,0,0,41.15794993
3/29/2018,0,0,40.72349684
3/30/2018,0,0,40.52996828
3/31/2018,0,0,42.54017473
4/1/2018,0,0,48.50387365
4/2/2018,0,0,46.9895883
4/3/2018,0,0,46.61238399
4/4/2018,0,0,46.25856647
4/5/2018,0,0,46.22320298
4/6/2018,0,0,44.67637344
4/7/2018,0,0,45.37067185
4/8/2018,0,0,44.79712687
4/9/2018,0,0,45.70524325
4/10/2018,294.054869,40.9045,43.09031279
4/11/2018,505.4897495,72.9988,43.09136321
4/12/2018,465.2842646,66.7058,10.56994467
4/13/2018,467.2880596,62.3007,0
4/14/2018,432.6017779,61.6714,4.321558538
4/15/2018,428.3475646,61.6714,37.05785122
4/16/2018,332.4402455,47.8268,41.78472001
4/17/2018,296.1061059,42.7924,41.07247504
4/18/2018,296.1687243,43.4217,41.15066691
4/19/2018,299.4308891,43.4217,40.57222564
4/20/2018,303.8219155,44.051,40.35219345
4/21/2018,300.7849449,43.4217,40.31506081
4/22/2018,315.6265533,43.4217,40.4186006
4/23/2018,359.1793866,42.7924,40.00896397
4/24/2018,347.1632284,41.5338,31.9442034
4/25/2018,350.6316521,41.5338,39.47412017
4/26/2018,174.439989,20.1376,39.2895195
4/27/2018,47.2537858,5.6637,38.52075687
4/28/2018,385.3536804,45.9389,39.10506709
4/29/2018,365.9379867,44.051,39.29876972
4/30/2018,354.651567,43.4217,38.48824913
5/1/2018,356.9183224,44.051,37.56462743
5/2/2018,366.2489733,44.6803,31.59319788
5/3/2018,354.0387798,43.4217,38.29615757
5/4/2018,369.9267311,43.4217,39.87144933
5/5/2018,361.7894479,42.7924,40.03709512
5/6/2018,353.7149013,42.1631,37.28865977
5/7/2018,337.2069731,39.6459,38.49422114
5/8/2018,336.1135906,39.6459,39.12563063
5/9/2018,354.9108381,41.5338,39.13364508
5/10/2018,344.3809131,40.2752,38.68609242
5/11/2018,338.7113468,40.2752,39.21840212
5/12/2018,338.6486939,40.2752,38.98590178
5/13/2018,367.9595813,43.4217,38.37348884
5/14/2018,177.0367943,20.1376,39.98919368
5/15/2018,0,0,41.61036781
5/16/2018,0,0,40.49577314
5/17/2018,0,0,39.26197999
5/18/2018,398.2453992,46.5682,38.48444606
5/19/2018,400.2513251,47.1975,39.25698083
5/20/2018,528.4982866,62.93,39.47584083
5/21/2018,690.0704162,83.0676,40.11914674
5/22/2018,684.9921778,81.1797,39.31232956
5/23/2018,668.0626488,79.2918,40.38294019
5/24/2018,670.561264,79.2918,13.38984595
5/25/2018,699.2255207,76.1453,0
5/26/2018,304.6410762,35.8701,6.637532889
5/27/2018,0,0,0
5/28/2018,0,0,35.27591276
5/29/2018,0,0,33.89407236
5/30/2018,0,0,37.39529267
5/31/2018,23.52847468,2.5172,40.57158664
6/1/2018,0,0,40.00691395
6/2/2018,184.7509612,23.9134,36.53938408
6/3/2018,712.4464486,81.1797,39.79585759
6/4/2018,247.2745432,32.7236,41.00488781
6/5/2018,0,0,41.43709262
6/6/2018,0,0,41.11660631
6/7/2018,23.75829012,3.1465,40.1879018
6/8/2018,720.9078883,93.1364,39.80209785
6/9/2018,689.3642125,89.3606,40.34700338
6/10/2018,646.0144064,85.5848,40.69795296
6/11/2018,638.2339437,84.3262,40.83793682
6/12/2018,616.1543652,81.809,40.21227519
6/13/2018,599.1476512,78.0332,40.4079374
6/14/2018,557.7886957,72.3695,40.31464418
6/15/2018,554.7623062,72.3695,36.49947373
6/16/2018,558.2709263,72.9988,40.303369
6/17/2018,541.5940577,71.1109,2.471177401
6/18/2018,36.63649859,4.4051,0
6/19/2018,104.0029396,6.293,23.06843766
6/20/2018,638.6020424,80.5504,40.6334886
6/21/2018,621.9230024,78.6625,48.95115031
6/22/2018,647.9526945,83.0676,0
6/23/2018,646.5617246,83.6969,0
6/24/2018,679.155759,84.9555,0
6/25/2018,609.9729611,77.4039,0
6/26/2018,572.0324807,71.7402,15.30200407
6/27/2018,562.6158948,70.4816,0
6/28/2018,568.2677554,71.1109,0
6/29/2018,569.8529095,71.1109,0
6/30/2018,533.3733026,66.7058,0
7/1/2018,512.6410042,62.93,0
7/2/2018,509.7899902,62.93,0
7/3/2018,499.8504832,62.3007,0
7/4/2018,375.2616818,44.6803,0
7/5/2018,680.8035985,86.8434,0
7/6/2018,673.507346,85.5848,0
7/7/2018,660.9925211,84.3262,19.30327057
7/8/2018,653.6238578,84.9555,11.82650648
7/9/2018,620.5066621,81.809,0
7/10/2018,609.4829304,80.5504,16.49558733
7/11/2018,628.6784789,81.809,10.12764306
7/12/2018,223.5312446,27.0599,0
7/13/2018,490.2702706,62.93,48.64997631
7/14/2018,658.0397001,84.9555,54.11777473
7/15/2018,655.134693,84.3262,54.05146672
7/16/2018,647.8842553,83.6969,54.16030245
7/17/2018,608.9771122,81.1797,53.78994384
7/18/2018,608.2419229,80.5504,53.35220682
7/19/2018,621.0656551,81.1797,54.77395004
7/20/2018,630.4351302,81.809,52.66523269
7/21/2018,638.1298656,83.0676,53.33161161
7/22/2018,583.6923216,76.7746,52.53941735
7/23/2018,661.0611226,86.2141,54.10180253
7/24/2018,644.5233743,84.9555,54.33775462
7/25/2018,642.9894188,84.9555,54.4350523
7/26/2018,657.4014716,86.8434,54.44189239
7/27/2018,642.0555554,84.9555,54.39047268
7/28/2018,618.3737407,81.809,54.75212361
7/29/2018,613.3534918,80.5504,34.98854708
7/30/2018,679.9635698,78.6625,55.36843512
7/31/2018,677.2889475,79.9211,55.17981261
8/1/2018,683.7409745,80.5504,54.36681536
8/2/2018,679.8906376,79.2918,53.65611092
8/3/2018,586.1397399,67.9644,53.54934655
8/4/2018,653.0543488,72.9988,52.10218629
8/5/2018,649.1986083,74.2574,52.54623178
8/6/2018,668.8751603,74.8867,51.79734454
8/7/2018,675.7546239,75.516,51.37304534
8/8/2018,676.7425178,76.1453,50.70464726
8/9/2018,666.619885,74.8867,49.40677541
8/10/2018,644.7984634,72.3695,22.3808014
8/11/2018,660.9085743,73.6281,0
8/12/2018,297.7795755,28.9478,25.09222424
8/13/2018,0,0,48.14363349
8/14/2018,0,0,45.05361492
8/15/2018,0,0,45.35674539
8/16/2018,0,0,45.73076408
8/17/2018,2.325930313,0,45.96281736
8/18/2018,568.9514603,61.0421,30.40996862
8/19/2018,0,0,52.88451882
8/20/2018,0,0,55.42622667
8/21/2018,558.5085869,60.4128,56.95179212
8/22/2018,828.1820335,91.2485,59.32328934
8/23/2018,795.0549635,87.4727,59.7583032
8/24/2018,819.1287258,89.9899,57.80102757
8/25/2018,822.6894363,89.9899,46.89122798
8/26/2018,807.4355379,89.3606,56.61753864
8/27/2018,163.8426746,14.4739,55.36454286
8/28/2018,704.4625489,71.7402,55.33841108
8/29/2018,853.1929368,93.1364,56.0102353
8/30/2018,834.4564047,93.7657,58.95686218
8/31/2018,854.4969408,95.6536,57.22516304
9/1/2018,858.0936818,95.0243,56.41733503
9/2/2018,834.4034648,94.395,56.29494029
9/3/2018,841.5708066,94.395,56.99840098
9/4/2018,776.3687023,88.102,55.82834107
9/5/2018,779.4497588,88.7313,55.95076231
9/6/2018,800.33848,89.9899,56.67855478
9/7/2018,785.3682995,88.7313,56.85837698
9/8/2018,599.7551229,66.7058,56.75294151
9/9/2018,812.7984343,92.5071,55.82144581
9/10/2018,797.8905455,90.6192,55.24030164
9/11/2018,797.5319526,90.6192,52.59796866
9/12/2018,795.6587371,89.3606,57.45293907
9/13/2018,779.2068198,88.7313,49.36551942
9/14/2018,751.5482432,86.8434,55.96333809
9/15/2018,750.2463182,86.8434,57.26052931
9/16/2018,759.6872089,86.8434,58.77954976
9/17/2018,748.8208145,86.8434,59.18108094
9/18/2018,761.8762559,89.3606,59.65263811
9/19/2018,765.4261326,88.7313,59.00843302
9/20/2018,354.4951552,40.2752,59.3534555
9/21/2018,326.9403997,35.8701,32.23837989
9/22/2018,807.1653397,92.5071,56.18814535
9/23/2018,806.5669309,92.5071,59.68285892
9/24/2018,804.6276099,91.2485,57.64301379
9/25/2018,801.5665184,89.9899,58.65754406
9/26/2018,799.4321525,89.9899,58.17662604
9/27/2018,705.2859084,79.2918,56.67390765
9/28/2018,933.4673274,105.0931,59.02016448
9/29/2018,872.293128,111.3861,62.45287509
9/30/2018,886.5788527,112.6447,60.12268477
10/1/2018,884.7667677,112.0154,49.47573836
10/2/2018,882.5271835,112.0154,61.18110185
10/3/2018,869.5784822,112.0154,61.15916395
10/4/2018,874.8495754,111.3861,60.35088833
10/5/2018,892.3798212,112.6447,58.24987718
10/6/2018,909.1499677,112.6447,59.16083233
10/7/2018,896.26354,111.3861,57.99777479
10/8/2018,898.6604728,110.1275,59.07249668
10/9/2018,880.9214361,111.3861,58.4691107
10/10/2018,862.9862204,110.1275,58.67411839
10/11/2018,884.4817665,113.274,58.96423238
10/12/2018,836.7856567,84.9555,58.12874494
10/13/2018,769.9320686,97.5415,58.50740194
10/14/2018,725.584297,94.395,58.49791901
10/15/2018,698.299472,91.2485,56.66450782
10/16/2018,695.8501856,90.6192,54.92922948
10/17/2018,688.6287136,89.3606,57.0385168
10/18/2018,302.8339788,38.3873,55.18812835
10/19/2018,0,0,55.27424787
10/20/2018,0,0,55.26620517
10/21/2018,0,0,56.64823081
10/22/2018,0,0,31.69654245
10/23/2018,0,0,57.23708329
10/24/2018,144.859761,18.879,56.77931504
10/25/2018,409.2791374,50.9733,54.62647317
10/26/2018,734.5191032,95.6536,53.17073873
10/27/2018,721.3766377,93.7657,54.32831259
10/28/2018,722.2038883,93.1364,51.90097575
10/29/2018,726.8566771,94.395,54.8207117
10/30/2018,704.6886277,92.5071,53.64525368
10/31/2018,724.2638582,93.1364,53.54064536
11/1/2018,733.7470534,94.395,53.44846867
11/2/2018,720.7458706,93.7657,8.820440718
11/3/2018,734.3459442,89.9899,0
11/4/2018,713.9340887,94.395,45.40787577
11/5/2018,759.5056782,96.2829,40.7421394
11/6/2018,742.6247328,92.5071,0
11/7/2018,432.185145,57.2663,10.46895609
11/8/2018,33.39991104,3.7758,50.58272363
11/9/2018,897.6357276,113.274,56.52183125
11/10/2018,910.9023105,113.274,52.09453966
11/11/2018,910.5945828,113.274,50.23856689
11/12/2018,916.7948089,105.0931,53.54125551
11/13/2018,934.2360446,113.274,5.936025989
11/14/2018,335.536417,15.1032,0
11/15/2018,0,0,0
11/16/2018,0,0,0
11/17/2018,0,0,12.14083673
11/18/2018,142.252506,1.2586,63.19982173
11/19/2018,722.9070077,98.8001,61.77088667
11/20/2018,804.9978976,104.4638,61.6922843
11/21/2018,861.1252272,111.3861,58.3754469
11/22/2018,865.720846,113.274,57.59648565
11/23/2018,866.5015003,115.7912,59.52542457
11/24/2018,867.961368,128.3772,58.64715658
11/25/2018,859.8595131,128.3772,60.19949557
11/26/2018,880.245382,128.3772,60.41030395
11/27/2018,851.9065229,126.4893,59.30595463
11/28/2018,798.3403962,119.567,61.05808962
11/29/2018,802.0612305,120.8256,59.55329626
11/30/2018,801.5125128,119.567,60.83514687
12/1/2018,802.6190275,121.4549,60.74424034
12/2/2018,796.2448821,101.9466,59.64192903
12/3/2018,793.5749928,117.6791,60.01608796
12/4/2018,768.8000858,115.1619,60.68333732
12/5/2018,656.48341,95.0243,60.23250572
12/6/2018,651.7699281,84.9555,61.52261252
12/7/2018,619.3377129,57.2663,61.33374877
12/8/2018,860.4829053,128.3772,59.96938069
12/9/2018,873.5604339,128.3772,60.88563274
12/10/2018,866.2872614,127.1186,60.9023892
12/11/2018,866.0698961,128.3772,62.10746649
12/12/2018,859.4438504,128.3772,61.4229258
12/13/2018,848.8413132,127.7479,62.17221242
12/14/2018,855.859272,128.3772,60.64273641
12/15/2018,854.0342542,128.3772,63.00284936
12/16/2018,842.4667854,127.1186,64.4339797
12/17/2018,843.4698774,127.1186,63.19075417
12/18/2018,847.1316633,126.4893,61.93099889
12/19/2018,848.4627239,126.4893,62.24864748
12/20/2018,854.8132266,127.7479,62.87544194
12/21/2018,864.383697,127.7479,62.94526092
12/22/2018,833.9398462,125.2307,62.19252564
12/23/2018,822.3729206,123.9721,62.49395914
12/24/2018,830.7800777,123.9721,62.69223528
12/25/2018,823.1697001,123.9721,61.98018886
12/26/2018,809.1239296,121.4549,62.97628728
12/27/2018,787.6956708,117.6791,62.39202976
12/28/2018,764.7188676,114.5326,61.40985236
12/29/2018,821.7357975,122.0842,61.21303186
12/30/2018,835.8786409,124.6014,61.64144082
12/31/2018,862.2278221,126.4893,60.88637893
1/1/2019,840.79416,125.2307,61.62705804
1/2/2019,809.6151531,123.3428,61.95187127
1/3/2019,837.1264193,125.2307,61.35233184
1/4/2019,819.5085803,123.3428,60.46541186
1/5/2019,812.5423058,121.4549,61.30555289
1/6/2019,795.7098357,119.567,60.14342403
1/7/2019,836.1207961,125.86,59.68705824
1/8/2019,701.32517,104.4638,59.24308136
1/9/2019,746.098985,110.1275,58.7177112
1/10/2019,824.3841508,120.1963,58.3154225
1/11/2019,811.1865412,120.1963,58.63295417
1/12/2019,783.8699849,117.6791,57.89279018
1/13/2019,702.40673,106.3517,57.32876789
1/14/2019,676.461945,102.5759,56.33949586
1/15/2019,439.1238299,66.0765,55.60043648
1/16/2019,443.3599408,67.3351,55.74583858
1/17/2019,395.6165203,60.4128,55.80760896
1/18/2019,512.3025033,77.4039,55.42254472
1/19/2019,454.1274304,66.0765,48.02685801
1/20/2019,459.5554765,68.5937,54.91920583
1/21/2019,441.1296017,65.4472,54.30431011
1/22/2019,442.0839343,66.7058,53.6666497
1/23/2019,454.1633854,68.5937,54.32573052
1/24/2019,456.1917354,68.5937,54.36894142
1/25/2019,426.1878902,64.1886,54.07293802
1/26/2019,439.8307879,66.7058,54.70252599
1/27/2019,454.6765003,69.223,53.58274554
1/28/2019,444.4114257,67.3351,52.03145688
1/29/2019,443.2505024,66.7058,52.91004741
1/30/2019,438.461115,66.0765,52.5177803
1/31/2019,452.6710635,68.5937,52.71995767
2/1/2019,455.2401397,68.5937,52.95195734
2/2/2019,454.0958869,68.5937,52.34272461
2/3/2019,453.9383269,68.5937,51.72770872
2/4/2019,470.9227603,71.1109,52.40291449
2/5/2019,467.7415615,70.4816,52.51186505
2/6/2019,476.7522397,71.7402,52.34150967
2/7/2019,483.9951513,72.3695,51.87501114
2/8/2019,488.558569,72.9988,51.89568855
2/9/2019,496.5482722,74.2574,51.64656334
2/10/2019,481.0200888,72.3695,51.73322528
2/11/2019,478.437582,72.3695,51.9187723
2/12/2019,480.0860049,72.3695,52.11760209
2/13/2019,486.8798455,72.9988,52.6167529
2/14/2019,472.0538746,69.8523,51.18644466
2/15/2019,476.0269033,71.1109,53.87022519
2/16/2019,469.9085964,77.4039,51.05789897
2/17/2019,560.239922,84.3262,53.60103359
2/18/2019,575.2813417,86.2141,53.75187676
2/19/2019,574.6683264,86.2141,34.8245489
2/20/2019,561.7089724,84.9555,53.62527579
2/21/2019,561.4330661,84.9555,57.26817644
2/22/2019,567.1364245,85.5848,57.0933256
2/23/2019,623.603022,93.1364,56.15630278
2/24/2019,687.0816196,101.9466,56.14387792
2/25/2019,674.4983511,83.6969,56.401323
2/26/2019,700.5238998,104.4638,55.96542928
2/27/2019,689.7554607,103.8345,54.88696646
2/28/2019,677.640176,101.9466,54.3237291
3/1/2019,646.5008423,97.5415,54.03928477
3/2/2019,646.7193153,97.5415,51.78421711
3/3/2019,652.1272073,98.1708,50.56257147
3/4/2019,640.0309931,96.9122,48.87618913
3/5/2019,654.3925881,98.8001,46.9404112
3/6/2019,645.9807576,97.5415,46.50108108
3/7/2019,670.4901654,100.688,45.09335034
3/8/2019,686.037204,101.9466,43.43737718
3/9/2019,682.7358409,100.688,42.25233374
3/10/2019,683.2663287,100.0587,41.67647453
3/11/2019,655.593774,97.5415,41.86998928
3/12/2019,660.8782931,97.5415,41.67398569
3/13/2019,656.3645695,97.5415,41.36857929
3/14/2019,643.4406145,95.6536,42.61110532
3/15/2019,425.3211927,50.344,41.74267353
3/16/2019,0,0,41.71977889
3/17/2019,0,0,41.78254341
3/18/2019,0,0,42.07555086
3/19/2019,135.6637501,18.2497,41.95222843
3/20/2019,577.6307258,77.4039,41.68002295
3/21/2019,362.1219926,29.5771,41.06010612
3/22/2019,752.2076569,106.3517,41.09853111
3/23/2019,725.4633361,80.5504,41.35209934
3/24/2019,711.133745,99.4294,40.96921212
3/25/2019,723.6119477,101.3173,42.08944428
3/26/2019,525.6120886,69.8523,42.47523705
3/27/2019,720.9639268,102.5759,42.25847275
3/28/2019,712.7703637,100.688,41.82707499
3/29/2019,726.9908025,101.9466,42.64263535
3/30/2019,723.2585552,101.9466,42.93839092
3/31/2019,724.2449683,101.9466,42.36534026
4/1/2019,724.9937898,101.9466,42.47370246
4/2/2019,712.0440401,100.688,42.60733716
4/3/2019,729.4438055,103.8345,42.79466987
4/4/2019,707.6818879,101.3173,42.31895023
4/5/2019,718.7336609,101.9466,42.99742347
4/6/2019,728.1679996,101.9466,42.78372922
4/7/2019,746.2086218,103.2052,42.93475463
4/8/2019,822.5133775,112.6447,41.71733472
4/9/2019,838.060374,115.1619,42.88118475
4/10/2019,803.5776267,110.7568,43.6832371
4/11/2019,794.141075,110.1275,43.11986482
4/12/2019,783.1066461,109.4982,17.32921728
4/13/2019,755.7066131,61.0421,43.93385716
4/14/2019,820.0807388,112.6447,43.99613866
4/15/2019,829.0294232,116.4205,45.7399988
4/16/2019,808.8755739,113.274,43.96649662
4/17/2019,832.2935763,115.7912,44.36075327
4/18/2019,820.4126996,114.5326,39.04412256
4/19/2019,804.6730272,112.6447,39.96599099
4/20/2019,788.8069304,101.9466,44.69938417
4/21/2019,782.1483833,110.7568,44.91800185
4/22/2019,805.5772685,112.6447,45.55311995
4/23/2019,828.0679945,115.7912,46.18568555
4/24/2019,823.2478266,115.7912,45.74704717
4/25/2019,803.2327817,112.0154,45.93395599
4/26/2019,801.5260211,112.0154,46.3484724
4/27/2019,790.6897233,108.2396,46.38340829
4/28/2019,781.5134221,108.2396,46.69702031
4/29/2019,789.6031699,108.8689,41.29670261
4/30/2019,788.6477107,108.8689,38.25061506
5/1/2019,786.0722073,108.2396,47.3962898
5/2/2019,793.2918513,109.4982,46.53571971
5/3/2019,821.1709901,111.3861,46.59804836
5/4/2019,825.0455559,112.0154,39.43864758
5/5/2019,541.2252975,72.9988,45.04082498
5/6/2019,826.472525,116.4205,46.22983964
5/7/2019,811.8434055,114.5326,44.22395142
5/8/2019,807.4374472,113.274,44.73803407
5/9/2019,793.2164811,111.3861,45.38375148
5/10/2019,794.496383,110.1275,44.74192805
5/11/2019,791.3520375,107.6103,44.18507551
5/12/2019,783.9300928,104.4638,44.48736803
5/13/2019,811.2498238,107.6103,45.01555911
5/14/2019,880.8913323,118.3084,43.96889752
5/15/2019,874.1349764,119.567,42.8713564
5/16/2019,863.5806796,118.3084,42.92470552
5/17/2019,864.2763545,117.6791,41.99668616
5/18/2019,691.1603149,96.2829,41.5564797
5/19/2019,668.2207058,91.8778,40.83997711
5/20/2019,878.7697692,120.8256,40.55059238
5/21/2019,881.2581875,120.8256,40.27659898
5/22/2019,882.0537184,120.8256,42.02168556
5/23/2019,882.5698476,120.8256,29.57948685
5/24/2019,700.9918348,88.7313,39.38929659
5/25/2019,876.6604144,120.1963,44.56675492
5/26/2019,883.134995,120.8256,46.29063979
5/27/2019,870.6536946,120.8256,29.11927249
5/28/2019,864.1454521,120.8256,46.95041274
5/29/2019,848.3477339,118.3084,46.54588479
5/30/2019,846.4456101,117.6791,46.22969202
5/31/2019,844.8131536,117.0498,45.88071471
6/1/2019,857.4436499,118.3084,46.42604949
6/2/2019,849.2165091,117.6791,45.98031441
6/3/2019,844.389824,117.6791,46.00535563
6/4/2019,840.7706358,117.0498,45.88186846
6/5/2019,837.1980724,116.4205,46.19160832
6/6/2019,789.8157317,108.2396,46.54364629
6/7/2019,778.9218447,105.7224,46.03207485
6/8/2019,781.6858927,106.3517,45.99477897
6/9/2019,763.3528859,105.7224,45.06274251
6/10/2019,755.8218464,103.2052,45.24504844
6/11/2019,584.7521663,80.5504,45.72850243
6/12/2019,725.4580451,100.0587,46.23492494
6/13/2019,725.5609751,100.688,46.159791
6/14/2019,733.1098119,101.3173,45.55710963
6/15/2019,726.1550826,100.688,44.77827125
6/16/2019,753.8669744,104.4638,45.2801573
6/17/2019,783.3041292,109.4982,44.73775036
6/18/2019,778.8146787,108.2396,44.83331153
6/19/2019,788.4067208,109.4982,43.80809461
6/20/2019,770.308743,100.0587,44.64248884
6/21/2019,778.4558053,108.8689,45.09538691
6/22/2019,790.6367823,110.1275,44.26872443
6/23/2019,793.8750959,110.1275,44.45999674
6/24/2019,784.0016402,109.4982,44.96956998
6/25/2019,791.5710157,103.8345,45.08639216
6/26/2019,778.9415846,108.8689,44.82541515
6/27/2019,787.7096763,108.8689,45.0280457
6/28/2019,777.6234709,108.2396,45.41331158
6/29/2019,774.6076416,107.6103,47.12133103
6/30/2019,780.6466669,108.8689,47.09424222
7/1/2019,776.0371593,108.2396,47.56146969
7/2/2019,640.1350605,86.8434,46.68186504
7/3/2019,765.954209,107.6103,46.34600098
7/4/2019,728.6524244,103.2052,46.05731859
7/5/2019,743.5203105,103.8345,45.48770312
7/6/2019,762.3898115,100.688,44.7785868
7/7/2019,764.6170968,105.0931,43.3779621
7/8/2019,771.4318597,107.6103,43.5902503
7/9/2019,778.3981162,108.2396,42.46761557
7/10/2019,755.2036044,106.981,42.88993534
7/11/2019,786.3866937,108.8689,42.19130047
7/12/2019,772.5086551,108.2396,41.74225756
7/13/2019,783.7789407,108.8689,40.94663877
7/14/2019,778.1589962,108.2396,40.09333338
7/15/2019,778.5018464,106.3517,40.35147626
7/16/2019,754.0583344,104.4638,39.7956119
7/17/2019,761.8655196,103.8345,39.76796291
7/18/2019,739.7605974,101.9466,39.7088132
7/19/2019,742.8259624,101.3173,39.69149817
7/20/2019,765.4353837,103.8345,39.7014009
7/21/2019,769.2201395,103.2052,39.95413729
7/22/2019,754.5529946,102.5759,39.43016286
7/23/2019,734.840439,89.9899,39.08613784
7/24/2019,734.8355083,100.688,38.10383596
7/25/2019,732.9560109,101.3173,37.58265711
7/26/2019,746.5112968,101.3173,37.36894506
7/27/2019,760.6198283,71.7402,36.81752941
7/28/2019,904.05384,120.8256,36.76969611
7/29/2019,897.9519357,120.8256,36.24816305
7/30/2019,898.6755276,120.1963,36.71961507
7/31/2019,895.7812074,120.1963,36.80273629
8/1/2019,882.1268691,120.1963,37.10840511
8/2/2019,881.8379337,120.1963,37.378222
8/3/2019,882.8635451,119.567,37.96928601
8/4/2019,857.2022411,114.5326,38.22528399
8/5/2019,833.1653621,106.981,38.32940378
8/6/2019,831.4458864,112.0154,38.36835764
8/7/2019,831.9238927,112.0154,38.57706956
8/8/2019,829.4497559,110.1275,32.10971653
8/9/2019,787.5843597,105.7224,38.46966277
8/10/2019,827.7646524,114.5326,37.90193397
8/11/2019,853.1400593,117.0498,38.75512578
8/12/2019,839.7215058,113.274,38.67617717
8/13/2019,822.2179503,102.5759,38.74418579
8/14/2019,842.8925441,114.5326,39.03529834
8/15/2019,839.409683,114.5326,31.99211065
8/16/2019,847.0155484,115.1619,39.56724337
8/17/2019,828.5626633,114.5326,39.48043593
8/18/2019,791.336258,113.274,39.26822932
8/19/2019,839.2402165,113.274,39.45795113
8/20/2019,842.678239,113.274,37.29871046
8/21/2019,823.9743074,112.6447,35.13818425
8/22/2019,826.9431663,113.274,40.27959467
8/23/2019,838.0902054,114.5326,39.95995841
8/24/2019,702.5397519,95.6536,40.55878819
8/25/2019,780.2043734,108.2396,41.26778482
8/26/2019,778.9327119,106.981,41.07447098
8/27/2019,759.3233176,103.2052,40.74826908
8/28/2019,752.6720617,102.5759,40.885559
8/29/2019,754.228785,102.5759,42.46951612
8/30/2019,751.9391592,103.2052,42.24852272
8/31/2019,757.3749407,103.2052,41.89029116
9/1/2019,756.3224515,101.3173,41.02019073
9/2/2019,784.7582861,104.4638,41.80950123
9/3/2019,690.3720139,71.7402,42.06629372
9/4/2019,765.7053287,88.7313,41.82746917
9/5/2019,361.2437506,32.0943,41.83598968
9/6/2019,925.1678644,120.8256,42.0300504
9/7/2019,803.4046166,91.8778,42.05259776
9/8/2019,925.6851995,120.8256,41.93995869
9/9/2019,914.4857259,120.8256,42.22558777
9/10/2019,904.5288805,120.1963,42.24788739
9/11/2019,890.5690108,118.9377,42.19460775
9/12/2019,891.9712373,120.1963,41.95931664
9/13/2019,881.7814532,118.3084,41.93144477
9/14/2019,895.9849222,112.0154,42.23800141
9/15/2019,887.6279846,117.6791,42.94925138
9/16/2019,872.0473001,117.0498,42.21727487
9/17/2019,880.5889299,118.9377,42.11328761
9/18/2019,887.3089004,120.8256,42.08204661
9/19/2019,885.5888305,119.567,42.33526961
9/20/2019,891.7719691,118.3084,42.17925312
9/21/2019,886.5693995,120.1963,41.94356279
9/22/2019,884.2503098,118.9377,42.20783148
9/23/2019,893.3979782,120.1963,41.56965191
9/24/2019,884.3813862,119.567,41.38203191
9/25/2019,873.6850414,119.567,41.78714021
9/26/2019,875.0530659,113.274,42.25088143
9/27/2019,868.4291652,117.0498,42.28888854
9/28/2019,745.4646145,100.0587,42.41936699
9/29/2019,835.3335958,113.9033,42.41937
